route_id,from_city,to_city,mode,train_type,station_from,station_to,duration_min,price_min,price_max,frequency,access_min,egress_min,buffer_min,total_min,transfer_note,book_channel,book_tip,src_confidence,verified,source_url,last_check_date,note
R001,上海,杭州,高铁,G,上海虹桥,杭州东,50,73,120,密集,40,35,30,155,直达,12306,平日不紧张；国庆前 15 天起抢,high,0,,,票价为二等座估值需核实
R002,上海,苏州,高铁,G,上海虹桥,苏州,30,40,70,密集,40,30,30,130,直达,12306,班次极密不需抢,high,0,,,同上
R003,上海,南京,高铁,G,上海虹桥,南京南,85,135,220,密集,40,35,30,190,直达,12306,平日不紧张,high,0,,,同上
R004,上海,黄山,高铁,G,上海虹桥,黄山北,165,180,290,较多,40,40,30,275,直达,12306,秋季与国庆紧张,mid,0,,,票价与耗时需核实
R005,上海,北京,高铁,G,上海虹桥,北京南,300,553,1750,密集,40,40,30,410,直达,12306,节前热门；建议提前 10 天,high,0,,,二等座 553 元为长期票价需核实
R006,上海,北京,飞机,—,虹桥或浦东,首都或大兴,130,600,2000,密集,75,80,110,395,直达,航司官网,提前 3 周价格较好,mid,0,,,票价浮动极大只能给区间
R007,上海,成都,飞机,—,虹桥或浦东,天府或双流,180,700,2200,密集,75,80,110,445,直达,航司官网,国庆前价格翻倍；越早越好,mid,0,,,高铁需 11 小时以上不推荐
R008,上海,西安,高铁,G,上海虹桥,西安北,360,670,1100,较多,40,40,30,470,直达,12306,—,mid,0,,,
R009,上海,西安,飞机,—,虹桥或浦东,咸阳,140,600,1800,密集,75,85,110,410,直达,航司官网,与高铁门到门差距不大,mid,0,,,
R010,杭州,黄山,高铁,G,杭州东,黄山北,90,100,160,较多,35,40,30,195,直达,12306,秋季紧张,mid,0,,,
R011,杭州,上海,高铁,G,杭州东,上海虹桥,50,73,120,密集,35,40,30,155,直达,12306,—,high,0,,,
R012,杭州,德清,高铁,D,杭州东,德清,25,20,40,较多,35,30,30,120,到站后需打车约 30 分钟上莫干山,12306,周末民宿旺季,mid,0,,,莫干山接驳是主要耗时
R013,杭州,桐庐,高铁,G,杭州东,桐庐,30,25,50,较多,35,30,30,125,直达,12306,—,mid,0,,,
R014,北京,西安,高铁,G,北京西,西安北,300,515,840,密集,45,40,30,415,直达,12306,节前紧张；提前 10 天,high,0,,,二等座 515 元为长期票价需核实
R015,北京,西安,飞机,—,首都或大兴,咸阳,130,550,1700,密集,85,85,110,410,直达,航司官网,门到门与高铁基本持平,mid,0,,,
R016,西安,成都,高铁,G,西安北,成都东,240,263,430,较多,40,40,30,350,直达,12306,西成高铁穿秦岭；风景好,high,0,,,票价需核实
R017,成都,重庆,高铁,G,成都东,重庆北,90,154,250,密集,40,35,30,195,直达,12306,班次密不需抢,high,0,,,
R018,成都,都江堰,动车,D,成都东或犀浦,都江堰,40,15,25,密集,35,20,20,115,城际铁路票价低；也可从犀浦站上车,12306,当天买得到,high,0,,,适合一日往返
R019,成都,乐山,高铁,G,成都东,乐山,70,60,100,较多,40,30,30,170,去犍为小火车需从乐山换乘汽车约 1.5 小时,12306,油菜花期紧张,mid,0,,,
R020,广州,深圳,高铁,G,广州南,深圳北,35,75,120,密集,40,35,30,140,直达,12306,班次极密,high,0,,,
R021,上海,重庆,飞机,—,虹桥或浦东,江北,165,650,2100,密集,75,80,110,430,直达,航司官网,—,mid,0,,,
R022,西安,韩城,高铁,G,西安北,韩城西,80,55,90,较多,40,40,30,190,到站后需打车约 30 分钟到党家村,12306,当天买得到,mid,0,,,
R023,南京,上海,高铁,G,南京南,上海虹桥,85,135,220,密集,35,40,30,190,直达,12306,—,high,0,,,
R024,南京,苏州,高铁,G,南京南,苏州,45,60,100,密集,35,30,30,140,直达,12306,—,high,0,,,
R025,南京,无锡,高铁,G,南京南,无锡,38,50,85,密集,35,25,30,128,直达,12306,—,mid,0,,,
R026,南京,杭州,高铁,G,南京南,杭州东,70,120,200,密集,35,35,30,170,直达,12306,宁杭高铁班次多,high,0,,,
R027,南京,扬州,高铁,G,南京南,扬州,60,40,70,较多,35,25,30,150,直达,12306,也可坐大巴约1.5小时,mid,0,,,
R028,南京,绍兴,高铁,G,南京南,绍兴北,95,150,240,较多,35,25,30,185,直达,12306,—,mid,0,,,
R029,南京,黄山,高铁,G,南京南,黄山北,150,150,250,较多,35,40,30,255,直达,12306,秋季与国庆紧张,mid,0,,,
R030,南京,北京,高铁,G,南京南,北京南,225,445,1400,密集,35,40,30,330,直达,12306,节前提前10天,high,0,,,
R031,南京,长沙,高铁,G,南京南,长沙南,220,430,700,较多,35,35,30,320,直达,12306,—,mid,0,,,
R032,南京,西安,高铁,G,南京南,西安北,370,620,1000,较多,35,40,30,475,直达,12306,—,mid,0,,,
R033,南京,青岛,高铁,G,南京南,青岛,285,400,650,较多,35,35,30,385,直达,12306,—,mid,0,,,
R034,南京,厦门,飞机,—,禄口,高崎,110,600,1700,较多,80,55,110,355,直达,航司官网,高铁约6小时可比,mid,0,,,
R035,南京,成都,飞机,—,禄口,天府或双流,155,700,2100,密集,80,80,110,425,直达,航司官网,高铁约11小时不推荐,mid,0,,,
R036,南京,乌鲁木齐,飞机,—,禄口,地窝堡,275,1100,3000,每日数班,80,70,110,535,直达,航司官网,进疆机票旺季翻倍越早越好,mid,0,,,
R037,南京,舟山嵊泗,大巴,—,南京汽车站,沈家湾码头,300,150,250,每日少量,35,60,20,415,需到沈家湾或南浦码头换船；船班受天气影响,汽车站或线上,建议先到上海再走船班更多,low,0,,,换乘复杂建议经上海中转
R038,北京,天津,高铁,C,北京南,天津,33,55,95,密集,40,30,30,133,直达,12306,城际班次极密,high,0,,,
R039,北京,承德,高铁,G,北京朝阳或北京南,承德,60,110,180,较多,40,25,30,155,直达,12306,京哈高铁；当天可往返,mid,0,,,
R040,北京,北戴河,高铁,G,北京南,北戴河,135,170,280,较多,40,25,30,230,直达,12306,暑期周末紧张,mid,0,,,
R041,北京,大同云冈,高铁,G,北京北或清河,大同南,110,190,310,较多,40,30,30,210,直达,12306,大张高铁,mid,0,,,
R042,北京,平遥古城,高铁,G,北京西,平遥古城,200,280,450,较少,40,20,30,290,部分车次需太原换乘,12306,直达车次不多要先查,mid,0,,,
R043,北京,太原,高铁,G,北京西,太原南,165,240,390,较多,40,30,30,265,直达,12306,—,mid,0,,,
R044,北京,石家庄,高铁,G,北京西,石家庄,80,130,210,密集,40,30,30,180,直达,12306,去正定古城在石家庄换公交或打车,high,0,,,
R045,北京,正定古城,高铁,G,北京西,正定机场或石家庄,85,130,210,密集,40,35,30,190,石家庄站下车后需打车约30分钟,12306,—,mid,0,,,
R046,北京,济南,高铁,G,北京南,济南西,105,185,300,密集,40,30,30,205,直达,12306,—,high,0,,,
R047,北京,泰山,高铁,G,北京南,泰安,125,185,300,较多,40,25,30,220,直达,12306,夜爬看日出需当天下午到,mid,0,,,
R048,北京,青岛,高铁,G,北京南,青岛,210,315,510,较多,40,35,30,315,直达,12306,—,mid,0,,,
R049,北京,上海,高铁,G,北京南,上海虹桥,300,553,1750,密集,40,40,30,410,直达,12306,节前热门提前10天,high,0,,,
R050,北京,南京,高铁,G,北京南,南京南,225,445,1400,密集,40,35,30,330,直达,12306,—,high,0,,,
R051,北京,洛阳,高铁,G,北京西,洛阳龙门,250,340,550,较多,40,30,30,350,直达,12306,—,mid,0,,,
R052,北京,开封,高铁,G,北京西,开封北,230,320,520,较少,40,25,30,325,部分车次需郑州换乘,12306,—,mid,0,,,
R053,北京,邯郸,高铁,G,北京西,邯郸东,145,230,370,密集,40,20,30,235,直达,12306,—,mid,0,,,
R054,北京,呼伦贝尔,飞机,—,首都或大兴,海拉尔,155,900,2600,每日数班,85,40,110,390,直达,航司官网,草原绿期只有7-8月机票最贵,mid,0,,,
R055,北京,哈尔滨,高铁,G,北京朝阳,哈尔滨西,300,540,880,较多,40,35,30,405,直达,12306,冰雪季元旦春节极紧,mid,0,,,
R056,北京,哈尔滨,飞机,—,首都或大兴,太平,135,600,2000,密集,85,75,110,405,直达,航司官网,—,mid,0,,,
R057,北京,成都,飞机,—,首都或大兴,天府或双流,180,700,2300,密集,85,80,110,455,直达,航司官网,高铁约7小时也可选,mid,0,,,
R058,北京,乌鲁木齐,飞机,—,首都或大兴,地窝堡,240,1000,3000,密集,85,70,110,505,直达,航司官网,—,mid,0,,,
R059,北京,拉萨,飞机,—,首都或大兴,贡嘎,280,1400,3500,每日数班,85,80,110,555,直达,航司官网,直飞落地海拔跳升大建议先到西宁或成都过渡,mid,0,,,
R060,北京,三亚,飞机,—,首都或大兴,凤凰,240,800,3500,密集,85,60,110,495,直达,航司官网,春节价格翻数倍,mid,0,,,
R061,北京,古北水镇司马台,大巴,—,东直门,古北水镇,120,50,90,每日数班,30,10,20,180,无轨道交通；也可自驾约2小时,汽车站或线上,旺季班车需提前买,mid,0,,,
R062,邯郸,安阳殷墟,高铁,G,邯郸东,安阳东,22,30,50,密集,20,25,30,97,直达,12306,半小时可达；当天往返毫无压力,high,0,,,
R063,邯郸,石家庄,高铁,G,邯郸东,石家庄,60,80,130,密集,20,30,30,140,直达,12306,—,high,0,,,
R064,邯郸,正定古城,高铁,G,邯郸东,石家庄,60,80,130,密集,20,40,30,150,石家庄站下车后打车约30分钟到正定,12306,隆兴寺免费无需预约,mid,0,,,
R065,邯郸,郑州,高铁,G,邯郸东,郑州东,65,110,180,密集,20,35,30,150,直达,12306,—,high,0,,,
R066,邯郸,开封,高铁,G,邯郸东,开封北,90,130,210,较少,20,25,30,165,部分车次需郑州东换乘,12306,—,mid,0,,,
R067,邯郸,洛阳,高铁,G,邯郸东,洛阳龙门,120,170,280,较多,20,30,30,200,直达,12306,—,mid,0,,,
R068,邯郸,北京,高铁,G,邯郸东,北京西,145,230,370,密集,20,40,30,235,直达,12306,节前紧张提前10天,high,0,,,
R069,邯郸,太原,高铁,G,邯郸东,太原南,180,230,380,较少,20,30,30,260,多数车次需石家庄换乘；东西向是邯郸的短板,12306,直达车次少要先查,mid,0,,,
R070,邯郸,平遥古城,高铁,G,邯郸东,平遥古城,230,280,450,少,20,20,30,300,需石家庄或太原换乘,12306,—,low,0,,,换乘方案每年调图变化较大
R071,邯郸,济南,高铁,G,邯郸东,济南西,200,260,420,少,20,30,30,280,需石家庄或郑州换乘；东向无直达高铁,12306,—,low,0,,,
R072,邯郸,武汉,高铁,G,邯郸东,汉口或武汉,190,330,540,较多,20,35,30,275,直达,12306,—,mid,0,,,
R073,邯郸,长沙,高铁,G,邯郸东,长沙南,280,480,780,较多,20,35,30,365,直达,12306,—,mid,0,,,
R074,邯郸,西安,高铁,G,邯郸东,西安北,250,330,540,较少,20,40,30,340,多数需郑州东换乘,12306,直达车次不多,mid,0,,,
R075,邯郸,上海,高铁,G,邯郸东,上海虹桥,390,560,900,少,20,40,30,480,需郑州或徐州换乘；东南向无便利直达,12306,建议整段提前订,low,0,,,
R076,邯郸,南京,高铁,G,邯郸东,南京南,330,470,760,少,20,35,30,415,需郑州或徐州换乘,12306,—,low,0,,,
R077,邯郸,林州太行大峡谷,大巴,—,邯郸汽车站,林州,150,50,80,每日数班,20,30,20,220,也可高铁到安阳再换汽车；自驾约2.5小时最方便,汽车站或线上,挂壁公路建议自驾,low,0,,,公共交通不便强烈建议自驾
R078,邯郸,承德避暑山庄,高铁,G,邯郸东,承德,260,380,620,少,20,25,30,335,需北京换乘,12306,—,low,0,,,
R079,邯郸,青岛,高铁,G,邯郸东,青岛,330,420,680,少,20,35,30,415,需济南或徐州换乘,12306,—,low,0,,,
R080,邯郸,成都,飞机,—,郑州新郑或北京,天府或双流,160,700,2200,需先到郑州或北京,90,80,110,440,邯郸机场航线极少；远程目的地基本要到郑州或北京转机,航司官网,把到郑州的1小时高铁算进总时长,mid,0,,,邯郸机场航线少这是硬约束
R081,邯郸,乌鲁木齐,飞机,—,郑州新郑,地窝堡,230,1000,3000,需先到郑州,110,70,110,520,先高铁1小时到郑州东再转机场城际；往返要多算半天,航司官网,进疆行程从邯郸出发建议至少7天,mid,0,,,邯郸机场航线少这是硬约束
R082,邯郸,大同云冈,高铁,G,邯郸东,大同南,240,260,430,少,20,30,30,320,需石家庄或北京换乘,12306,—,low,0,,,
R083,上海,北京,普速,Z/T,上海,北京,780,327,550,每日数班,40,40,30,890,直达,12306,夕发朝至；卧铺省一晚酒店,mid,0,,,夜车：19-20点发次日7-8点到，省一晚住宿
R084,上海,西安,普速,K/Z,上海,西安,960,350,580,每日数班,40,40,30,1070,直达,12306,夜车硬卧比高铁二等座便宜近一半,mid,0,,,夜车但时长16小时，第二天上午到
R085,上海,拉萨,普速,Z,上海,拉萨,2820,850,1400,隔日一班,40,80,30,2970,直达,12306,全程47小时；从西宁开始逐步爬升有助适应海拔,mid,0,,,进藏火车最大价值是逐步适应海拔，高反风险远低于直飞
R086,北京,上海,普速,Z/T,北京,上海,750,327,550,每日数班,40,40,30,860,直达,12306,夕发朝至；卧铺省一晚酒店,mid,0,,,夜车：19-21点发次日7-9点到
R087,北京,西安,普速,Z,北京西,西安,720,280,470,每日数班,40,40,30,830,直达,12306,夕发朝至；比高铁省一晚酒店,mid,0,,,夜车：20点前后发次日8点前后到
R088,北京,拉萨,普速,Z,北京西,拉萨,2460,763,1260,每日一班,40,80,30,2610,直达,12306,全程约41小时；经西宁格尔木逐步升高,mid,0,,,进藏火车逐步适应海拔；车厢供氧
R089,北京,敦煌,普速,Z/K,北京西,敦煌,1740,500,850,隔日一班,40,30,30,1840,部分车次需兰州或柳园换乘,12306,夜车两晚；建议飞或高铁到兰州再转,low,0,,,时长近30小时，实用性一般
R090,北京,呼伦贝尔,普速,K,北京,海拉尔,1860,400,680,每日一班,40,40,30,1970,直达,12306,时长31小时；草原季建议直飞,low,0,,,
R091,南京,北京,普速,Z/T,南京,北京,600,260,450,每日数班,35,40,30,705,直达,12306,夕发朝至；卧铺省一晚酒店,mid,0,,,夜车：20-22点发次日6-8点到
R092,南京,西安,普速,K/Z,南京,西安,780,280,470,每日数班,35,40,30,885,直达,12306,夜车硬卧；上午到西安可直接开始行程,mid,0,,,
R093,邯郸,北京,普速,K/T,邯郸,北京西,330,55,180,每日数班,20,40,30,420,直达,12306,硬座 55 元是最便宜的进京方式；比高铁慢2小时,mid,0,,,三线城市普速车班次比高铁多，价格低一半以上
R094,邯郸,郑州,普速,K,邯郸,郑州,180,30,110,每日数班,20,35,30,265,直达,12306,硬座 30 元；比高铁慢2小时但便宜近4倍,mid,0,,,
R095,邯郸,上海,普速,K,邯郸,上海,810,250,430,每日数班,20,40,30,900,直达,12306,夜车硬卧直达；免去高铁换乘的麻烦,mid,0,,,高铁到上海需换乘且门到门8小时，夜车硬卧反而省事又省酒店
R096,邯郸,西安,普速,K,邯郸,西安,540,160,290,每日数班,20,40,30,630,直达,12306,夜车硬卧直达；高铁需郑州换乘,mid,0,,,夜车直达是普速车对高铁的优势
R097,邯郸,太原,普速,K,邯郸,太原,390,80,190,每日数班,20,30,30,470,直达,12306,普速直达；高铁反而需石家庄换乘,mid,0,,,邯长线普速直达，比高铁换乘更省事
R098,邯郸,长沙,普速,K/Z,邯郸,长沙,720,250,430,每日数班,20,35,30,805,直达,12306,夜车硬卧；省一晚酒店,mid,0,,,
R099,成都,拉萨,普速,Z,成都,拉萨,2580,700,1160,隔日一班,40,80,30,2730,直达,12306,全程43小时；逐步适应海拔,low,0,,,时长极长；多数人选择飞机
R100,西安,拉萨,普速,Z,西安,拉萨,1980,610,1010,每日一班,40,80,30,2130,直达,12306,经西宁格尔木；33小时,low,0,,,
R101,杭州,北京,普速,Z/T,杭州,北京,810,340,570,每日数班,35,40,30,915,直达,12306,夕发朝至,mid,0,,,夜车省一晚酒店
R102,广州,桂林阳朔,普速,K,广州,桂林,660,120,260,每日数班,40,30,30,760,直达,12306,高铁只需3小时；普速车性价比一般,low,0,,,
R103,上海,厦门,高铁,G,上海虹桥,厦门北,335,480,780,较多,40,50,30,455,直达,12306,国庆与暑期紧张,mid,0,,,到厦门北站后进岛还要 50 分钟
R104,上海,厦门,飞机,—,虹桥或浦东,高崎,120,600,1800,密集,75,35,110,340,直达,航司官网,提前 3 周价格较好,mid,0,,,高崎机场离岛内很近，这是飞机相对高铁的优势
R105,北京,厦门,飞机,—,首都或大兴,高崎,185,700,2400,密集,85,35,110,415,直达,航司官网,暑期与国庆价格翻倍,mid,0,,,
R106,北京,厦门,高铁,G,北京南,厦门北,620,800,1300,每日少量,40,50,30,740,直达但超过 10 小时,12306,不如飞机，除非想坐夜车,low,0,,,
R107,杭州,厦门,高铁,G,杭州东,厦门北,270,400,650,较多,35,50,30,385,直达,12306,—,mid,0,,,
R108,南京,厦门,高铁,G,南京南,厦门北,365,520,850,较多,35,50,30,480,直达,12306,—,mid,0,,,
R109,广州,厦门,高铁,G,广州南,厦门北,220,300,490,较多,40,50,30,340,直达,12306,—,mid,0,,,
R110,邯郸,厦门,飞机,—,郑州新郑,高崎,140,700,2200,需先到郑州,110,35,110,395,邯郸机场航线极少；先高铁 1 小时到郑州东再转机场城际,航司官网,往返要多算半天，行程建议至少 5 天,mid,0,,,邯郸机场航线少这是硬约束
R111,邯郸,厦门,高铁,G,邯郸东,厦门北,540,700,1150,少,20,50,30,640,需郑州或武汉换乘,12306,—,low,0,,,
R112,厦门,泉州,高铁,G,厦门北,泉州,35,40,70,密集,50,30,30,145,直达,12306,班次密不需抢,high,0,,,厦门泉州一小时圈，很适合两地连着玩
R113,厦门,武夷山,高铁,G,厦门北,武夷山东,210,260,420,较多,50,30,30,320,直达,12306,秋季与暑期紧张,mid,0,,,
R114,厦门,福州,高铁,G,厦门北,福州,120,150,250,密集,50,35,30,235,直达,12306,—,mid,0,,,
R115,厦门,上海,高铁,G,厦门北,上海虹桥,335,480,780,较多,50,40,30,455,直达,12306,—,mid,0,,,
R116,厦门,广州,高铁,G,厦门北,广州南,220,300,490,较多,50,40,30,340,直达,12306,—,mid,0,,,
R117,北京,长沙,高铁,G,北京西,长沙南,350,560,910,较多,40,30,30,450,直达,12306,—,mid,0,,,
R118,北京,长沙,飞机,—,首都或大兴,黄花,145,600,1900,密集,85,45,110,385,直达,航司官网,—,mid,0,,,
R119,上海,长沙,高铁,G,上海虹桥,长沙南,340,520,850,较多,40,30,30,440,直达,12306,—,mid,0,,,
R120,邯郸,长沙,高铁,G,邯郸东,长沙南,280,480,780,较多,20,30,30,360,直达,12306,—,mid,0,,,
R121,长沙,张家界,高铁,G,长沙南,张家界西,150,180,300,较多,30,40,30,250,直达,12306,张家界西站离核心景区还有 40 分钟,mid,0,,,
R122,长沙,凤凰古城,高铁,G,长沙南,凤凰古城,200,220,360,较多,30,30,30,290,直达,12306,高铁站到古城还要打车 30 分钟,mid,0,,,
R123,长沙,南岳衡山,高铁,G,长沙南,衡山西,60,80,130,密集,30,30,30,150,直达,12306,—,mid,0,,,
R124,长沙,郴州小东江,高铁,G,长沙南,郴州西,100,140,230,较多,30,40,30,200,到郴州西站后需打车约 40 分钟到小东江,12306,晨雾只在 5-8 月，其他季节不值得专程,mid,0,,,
R125,张家界,凤凰古城,大巴,—,张家界汽车站,凤凰,240,80,130,每日数班,30,20,20,310,也可高铁经怀化换乘,汽车站或线上,这一段公共交通不便,low,0,,,
R126,南京,重庆,飞机(估),—,,,254,937,1718,未核实,80,70,110,514,,航司官网,—,low,0,,,按直线距离 1562 公里估算，非实录班次；具体车次与票价请查 12306 或航司
R127,南京,都江堰青城山,飞机(估),—,,,281,1124,2061,未核实,80,70,110,541,,航司官网,—,low,0,,,按直线距离 1874 公里估算，非实录班次；具体车次与票价请查 12306 或航司
R128,南京,街子古镇,飞机(估),—,,,282,1135,2080,未核实,80,70,110,542,,航司官网,—,low,0,,,按直线距离 1891 公里估算，非实录班次；具体车次与票价请查 12306 或航司
R129,南京,犍为嘉阳小火车,飞机(估),—,,,282,1134,2079,未核实,80,70,110,542,,航司官网,—,low,0,,,按直线距离 1890 公里估算，非实录班次；具体车次与票价请查 12306 或航司
R130,南京,韩城党家村,高铁(估),—,,,335,447,783,未核实,40,35,30,440,,12306,—,low,0,,,按直线距离 1118 公里估算，非实录班次；具体车次与票价请查 12306 或航司
R131,南京,莫干山,高铁(估),—,,,76,101,177,未核实,40,35,30,181,,12306,—,low,0,,,按直线距离 254 公里估算，非实录班次；具体车次与票价请查 12306 或航司
R132,南京,良渚古城遗址,高铁(估),—,,,85,113,198,未核实,40,35,30,190,,12306,—,low,0,,,按直线距离 283 公里估算，非实录班次；具体车次与票价请查 12306 或航司
R133,南京,桐庐富春江,高铁(估),—,,,104,138,242,未核实,40,35,30,209,,12306,—,low,0,,,按直线距离 346 公里估算，非实录班次；具体车次与票价请查 12306 或航司
R134,南京,汉中,飞机(估),—,,,244,865,1585,未核实,80,70,110,504,,航司官网,—,low,0,,,按直线距离 1441 公里估算，非实录班次；具体车次与票价请查 12306 或航司
R135,南京,乌镇西栅,高铁(估),—,,,85,113,198,未核实,40,35,30,190,,12306,—,low,0,,,按直线距离 282 公里估算，非实录班次；具体车次与票价请查 12306 或航司
R136,南京,西塘,高铁(估),—,,,91,122,213,未核实,40,35,30,196,,12306,—,low,0,,,按直线距离 304 公里估算，非实录班次；具体车次与票价请查 12306 或航司
R137,南京,千岛湖,高铁(估),—,,,107,142,249,未核实,40,35,30,212,,12306,—,low,0,,,按直线距离 356 公里估算，非实录班次；具体车次与票价请查 12306 或航司
R138,南京,张家界武陵源,高铁(估),—,,,332,443,775,未核实,40,35,30,437,,12306,—,low,0,,,按直线距离 1107 公里估算，非实录班次；具体车次与票价请查 12306 或航司
R139,南京,凤凰古城,飞机(估),—,,,231,777,1425,未核实,80,70,110,491,,航司官网,—,low,0,,,按直线距离 1295 公里估算，非实录班次；具体车次与票价请查 12306 或航司
R140,南京,南岳衡山,高铁(估),—,,,309,412,721,未核实,40,35,30,414,,12306,—,low,0,,,按直线距离 1030 公里估算，非实录班次；具体车次与票价请查 12306 或航司
R141,南京,郴州小东江,高铁(估),—,,,349,465,813,未核实,40,35,30,454,,12306,—,low,0,,,按直线距离 1162 公里估算，非实录班次；具体车次与票价请查 12306 或航司
R142,南京,郴州高椅岭,高铁(估),—,,,344,459,803,未核实,40,35,30,449,,12306,—,low,0,,,按直线距离 1147 公里估算，非实录班次；具体车次与票价请查 12306 或航司
R143,南京,伊犁河谷,飞机(估),—,,,510,2732,5008,未核实,80,70,110,770,,航司官网,—,low,0,,,按直线距离 4553 公里估算，非实录班次；具体车次与票价请查 12306 或航司
R144,南京,喀纳斯禾木,飞机(估),—,,,480,2520,4620,未核实,80,70,110,740,,航司官网,—,low,0,,,按直线距离 4200 公里估算，非实录班次；具体车次与票价请查 12306 或航司
R145,南京,吐鲁番,飞机(估),—,,,439,2230,4088,未核实,80,70,110,699,,航司官网,—,low,0,,,按直线距离 3717 公里估算，非实录班次；具体车次与票价请查 12306 或航司
R146,南京,喀什,飞机(估),—,,,556,3051,5593,未核实,80,70,110,816,,航司官网,—,low,0,,,按直线距离 5085 公里估算，非实录班次；具体车次与票价请查 12306 或航司
R147,南京,独库公路,飞机(估),—,,,480,2521,4622,未核实,80,70,110,740,,航司官网,—,low,0,,,按直线距离 4202 公里估算，非实录班次；具体车次与票价请查 12306 或航司
R148,南京,巴音布鲁克,飞机(估),—,,,483,2541,4658,未核实,80,70,110,743,,航司官网,—,low,0,,,按直线距离 4234 公里估算，非实录班次；具体车次与票价请查 12306 或航司
R149,南京,稻城亚丁,飞机(估),—,,,321,1404,2574,未核实,80,70,110,581,,航司官网,—,low,0,,,按直线距离 2340 公里估算，非实录班次；具体车次与票价请查 12306 或航司
R150,南京,四姑娘山,飞机(估),—,,,288,1177,2158,未核实,80,70,110,548,,航司官网,—,low,0,,,按直线距离 1962 公里估算，非实录班次；具体车次与票价请查 12306 或航司
R151,南京,色达,飞机(估),—,,,313,1354,2483,未核实,80,70,110,573,,航司官网,—,low,0,,,按直线距离 2257 公里估算，非实录班次；具体车次与票价请查 12306 或航司
R152,南京,新都桥,飞机(估),—,,,305,1297,2378,未核实,80,70,110,565,,航司官网,—,low,0,,,按直线距离 2162 公里估算，非实录班次；具体车次与票价请查 12306 或航司
R153,南京,丹巴甲居藏寨,飞机(估),—,,,299,1254,2300,未核实,80,70,110,559,,航司官网,—,low,0,,,按直线距离 2091 公里估算，非实录班次；具体车次与票价请查 12306 或航司
R154,南京,海螺沟,飞机(估),—,,,300,1259,2308,未核实,80,70,110,560,,航司官网,—,low,0,,,按直线距离 2098 公里估算，非实录班次；具体车次与票价请查 12306 或航司
R155,南京,若尔盖花湖,飞机(估),—,,,287,1169,2142,未核实,80,70,110,547,,航司官网,—,low,0,,,按直线距离 1948 公里估算，非实录班次；具体车次与票价请查 12306 或航司
R156,南京,承德避暑山庄,飞机(估),—,,,231,775,1421,未核实,80,70,110,491,,航司官网,—,low,0,,,按直线距离 1292 公里估算，非实录班次；具体车次与票价请查 12306 或航司
R157,南京,北戴河,高铁(估),—,,,337,450,787,未核实,40,35,30,442,,12306,—,low,0,,,按直线距离 1125 公里估算，非实录班次；具体车次与票价请查 12306 或航司
R158,南京,古北水镇司马台,飞机(估),—,,,228,755,1383,未核实,80,70,110,488,,航司官网,—,low,0,,,按直线距离 1258 公里估算，非实录班次；具体车次与票价请查 12306 或航司
R159,南京,邯郸,高铁(估),—,,,250,333,583,未核实,40,35,30,355,,12306,—,low,0,,,按直线距离 833 公里估算，非实录班次；具体车次与票价请查 12306 或航司
R160,南京,安阳殷墟,高铁(估),—,,,239,318,557,未核实,40,35,30,344,,12306,—,low,0,,,按直线距离 796 公里估算，非实录班次；具体车次与票价请查 12306 或航司
R161,南京,林州太行大峡谷,高铁(估),—,,,252,336,588,未核实,40,35,30,357,,12306,—,low,0,,,按直线距离 840 公里估算，非实录班次；具体车次与票价请查 12306 或航司
R162,南京,正定古城,高铁(估),—,,,303,405,708,未核实,40,35,30,408,,12306,—,low,0,,,按直线距离 1012 公里估算，非实录班次；具体车次与票价请查 12306 或航司
R163,南京,平遥古城,高铁(估),—,,,342,456,798,未核实,40,35,30,447,,12306,—,low,0,,,按直线距离 1140 公里估算，非实录班次；具体车次与票价请查 12306 或航司
R164,南京,大同云冈,飞机(估),—,,,233,794,1457,未核实,80,70,110,493,,航司官网,—,low,0,,,按直线距离 1324 公里估算，非实录班次；具体车次与票价请查 12306 或航司
R165,南京,洛阳,高铁(估),—,,,255,340,595,未核实,40,35,30,360,,12306,—,low,0,,,按直线距离 850 公里估算，非实录班次；具体车次与票价请查 12306 或航司
R166,南京,开封,高铁(估),—,,,201,268,469,未核实,40,35,30,306,,12306,—,low,0,,,按直线距离 671 公里估算，非实录班次；具体车次与票价请查 12306 或航司
R167,南京,泰山,高铁(估),—,,,192,255,447,未核实,40,35,30,297,,12306,—,low,0,,,按直线距离 639 公里估算，非实录班次；具体车次与票价请查 12306 或航司
R168,南京,泉州,高铁(估),—,,,312,416,727,未核实,40,35,30,417,,12306,—,low,0,,,按直线距离 1039 公里估算，非实录班次；具体车次与票价请查 12306 或航司
R169,南京,大理,飞机(估),—,,,336,1512,2773,未核实,80,70,110,596,,航司官网,—,low,0,,,按直线距离 2521 公里估算，非实录班次；具体车次与票价请查 12306 或航司
R170,南京,丽江香格里拉,飞机(估),—,,,330,1470,2695,未核实,80,70,110,590,,航司官网,—,low,0,,,按直线距离 2450 公里估算，非实录班次；具体车次与票价请查 12306 或航司
R171,南京,贵州黄果树荔波,飞机(估),—,,,281,1124,2061,未核实,80,70,110,541,,航司官网,—,low,0,,,按直线距离 1874 公里估算，非实录班次；具体车次与票价请查 12306 或航司
R172,南京,桂林阳朔,飞机(估),—,,,245,874,1603,未核实,80,70,110,505,,航司官网,—,low,0,,,按直线距离 1457 公里估算，非实录班次；具体车次与票价请查 12306 或航司
R173,南京,敦煌,飞机(估),—,,,380,1823,3343,未核实,80,70,110,640,,航司官网,—,low,0,,,按直线距离 3039 公里估算，非实录班次；具体车次与票价请查 12306 或航司
R174,南京,青海湖茶卡,飞机(估),—,,,319,1395,2557,未核实,80,70,110,579,,航司官网,—,low,0,,,按直线距离 2324 公里估算，非实录班次；具体车次与票价请查 12306 或航司
R175,南京,张掖七彩丹霞,飞机(估),—,,,323,1423,2608,未核实,80,70,110,583,,航司官网,—,low,0,,,按直线距离 2371 公里估算，非实录班次；具体车次与票价请查 12306 或航司
R176,南京,拉萨,飞机(估),—,,,415,2062,3780,未核实,80,70,110,675,,航司官网,—,low,0,,,按直线距离 3436 公里估算，非实录班次；具体车次与票价请查 12306 或航司
R177,南京,哈尔滨,飞机(估),—,,,306,1300,2383,未核实,80,70,110,566,,航司官网,—,low,0,,,按直线距离 2166 公里估算，非实录班次；具体车次与票价请查 12306 或航司
R178,南京,呼伦贝尔,飞机(估),—,,,333,1489,2730,未核实,80,70,110,593,,航司官网,—,low,0,,,按直线距离 2482 公里估算，非实录班次；具体车次与票价请查 12306 或航司
R179,南京,三亚,飞机(估),—,,,320,1400,2567,未核实,80,70,110,580,,航司官网,—,low,0,,,按直线距离 2334 公里估算，非实录班次；具体车次与票价请查 12306 或航司
R180,南京,广州,飞机(估),—,,,246,883,1619,未核实,80,70,110,506,,航司官网,—,low,0,,,按直线距离 1472 公里估算，非实录班次；具体车次与票价请查 12306 或航司
R181,南京,潮汕,飞机(估),—,,,230,772,1416,未核实,80,70,110,490,,航司官网,—,low,0,,,按直线距离 1287 公里估算，非实录班次；具体车次与票价请查 12306 或航司
R182,南京,武夷山,高铁(估),—,,,189,252,441,未核实,40,35,30,294,,12306,—,low,0,,,按直线距离 630 公里估算，非实录班次；具体车次与票价请查 12306 或航司
R183,南京,天津,高铁(估),—,,,310,413,723,未核实,40,35,30,415,,12306,—,low,0,,,按直线距离 1032 公里估算，非实录班次；具体车次与票价请查 12306 或航司
R184,南京,太原,高铁(估),—,,,336,448,783,未核实,40,35,30,441,,12306,—,low,0,,,按直线距离 1119 公里估算，非实录班次；具体车次与票价请查 12306 或航司
R185,南京,武汉,高铁(估),—,,,178,237,416,未核实,40,35,30,283,,12306,—,low,0,,,按直线距离 594 公里估算，非实录班次；具体车次与票价请查 12306 或航司
R186,南京,济南,高铁(估),—,,,208,277,485,未核实,40,35,30,313,,12306,—,low,0,,,按直线距离 693 公里估算，非实录班次；具体车次与票价请查 12306 或航司
R187,南京,深圳,飞机(估),—,,,249,902,1654,未核实,80,70,110,509,,航司官网,—,low,0,,,按直线距离 1504 公里估算，非实录班次；具体车次与票价请查 12306 或航司
R188,南京,福州,高铁(估),—,,,260,347,607,未核实,40,35,30,365,,12306,—,low,0,,,按直线距离 868 公里估算，非实录班次；具体车次与票价请查 12306 或航司
R189,南京,郑州,高铁(估),—,,,220,294,514,未核实,40,35,30,325,,12306,—,low,0,,,按直线距离 735 公里估算，非实录班次；具体车次与票价请查 12306 或航司
R190,南京,乐山,飞机(估),—,,,283,1140,2089,未核实,80,70,110,543,,航司官网,—,low,0,,,按直线距离 1899 公里估算，非实录班次；具体车次与票价请查 12306 或航司
R191,南京,石家庄,高铁(估),—,,,301,401,701,未核实,40,35,30,406,,12306,—,low,0,,,按直线距离 1002 公里估算，非实录班次；具体车次与票价请查 12306 或航司
R192,南京,桐庐,高铁(估),—,,,104,138,242,未核实,40,35,30,209,,12306,—,low,0,,,按直线距离 346 公里估算，非实录班次；具体车次与票价请查 12306 或航司
R193,南京,德清,高铁(估),—,,,81,109,190,未核实,40,35,30,186,,12306,—,low,0,,,按直线距离 271 公里估算，非实录班次；具体车次与票价请查 12306 或航司
R194,南京,南昌,高铁(估),—,,,183,244,427,未核实,40,35,30,288,,12306,—,low,0,,,按直线距离 611 公里估算，非实录班次；具体车次与票价请查 12306 或航司
R195,南京,婺源,高铁(估),—,,,127,169,296,未核实,40,35,30,232,,12306,—,low,0,,,按直线距离 423 公里估算，非实录班次；具体车次与票价请查 12306 或航司
R196,南京,庐山,高铁(估),—,,,151,201,351,未核实,40,35,30,256,,12306,—,low,0,,,按直线距离 502 公里估算，非实录班次；具体车次与票价请查 12306 或航司
R197,南京,景德镇,高铁(估),—,,,135,180,316,未核实,40,35,30,240,,12306,—,low,0,,,按直线距离 451 公里估算，非实录班次；具体车次与票价请查 12306 或航司
R198,南京,三清山,高铁(估),—,,,139,186,325,未核实,40,35,30,244,,12306,—,low,0,,,按直线距离 464 公里估算，非实录班次；具体车次与票价请查 12306 或航司
R199,南京,定州,高铁(估),—,,,311,414,725,未核实,40,35,30,416,,12306,—,low,0,,,按直线距离 1035 公里估算，非实录班次；具体车次与票价请查 12306 或航司
R200,南京,乐山大佛,飞机(估),—,,,283,1139,2089,未核实,80,70,110,543,,航司官网,—,low,0,,,按直线距离 1899 公里估算，非实录班次；具体车次与票价请查 12306 或航司
R201,南京,峨眉山,飞机(估),—,,,287,1172,2148,未核实,80,70,110,547,,航司官网,—,low,0,,,按直线距离 1953 公里估算，非实录班次；具体车次与票价请查 12306 或航司
R202,南京,宏村西递,高铁(估),—,,,98,131,229,未核实,40,35,30,203,,12306,—,low,0,,,按直线距离 327 公里估算，非实录班次；具体车次与票价请查 12306 或航司
R203,南京,曲阜三孔,高铁(估),—,,,167,222,389,未核实,40,35,30,272,,12306,—,low,0,,,按直线距离 555 公里估算，非实录班次；具体车次与票价请查 12306 或航司
R204,南京,五台山,高铁(估),—,,,353,470,823,未核实,40,35,30,458,,12306,—,low,0,,,按直线距离 1175 公里估算，非实录班次；具体车次与票价请查 12306 或航司
R205,南京,武当山,高铁(估),—,,,286,382,668,未核实,40,35,30,391,,12306,—,low,0,,,按直线距离 954 公里估算，非实录班次；具体车次与票价请查 12306 或航司
R206,南京,恩施大峡谷,高铁(估),—,,,351,468,820,未核实,40,35,30,456,,12306,—,low,0,,,按直线距离 1171 公里估算，非实录班次；具体车次与票价请查 12306 或航司
R207,南京,长白山,飞机(估),—,,,273,1073,1967,未核实,80,70,110,533,,航司官网,—,low,0,,,按直线距离 1788 公里估算，非实录班次；具体车次与票价请查 12306 或航司
R208,南京,大连,高铁(估),—,,,313,418,731,未核实,40,35,30,418,,12306,—,low,0,,,按直线距离 1045 公里估算，非实录班次；具体车次与票价请查 12306 或航司
R209,南京,银川沙坡头,飞机(估),—,,,275,1088,1995,未核实,80,70,110,535,,航司官网,—,low,0,,,按直线距离 1813 公里估算，非实录班次；具体车次与票价请查 12306 或航司
R210,南京,西双版纳,飞机(估),—,,,354,1638,3002,未核实,80,70,110,614,,航司官网,—,low,0,,,按直线距离 2729 公里估算，非实录班次；具体车次与票价请查 12306 或航司
R211,南京,泸沽湖,飞机(估),—,,,321,1404,2574,未核实,80,70,110,581,,航司官网,—,low,0,,,按直线距离 2340 公里估算，非实录班次；具体车次与票价请查 12306 或航司
R212,南京,元阳梯田,飞机(估),—,,,328,1455,2668,未核实,80,70,110,588,,航司官网,—,low,0,,,按直线距离 2426 公里估算，非实录班次；具体车次与票价请查 12306 或航司
R213,南京,北海涠洲岛,飞机(估),—,,,293,1214,2226,未核实,80,70,110,553,,航司官网,—,low,0,,,按直线距离 2023 公里估算，非实录班次；具体车次与票价请查 12306 或航司
R214,南京,德天瀑布,飞机(估),—,,,295,1224,2244,未核实,80,70,110,555,,航司官网,—,low,0,,,按直线距离 2040 公里估算，非实录班次；具体车次与票价请查 12306 或航司
R215,南京,普陀山,高铁(估),—,,,160,214,374,未核实,40,35,30,265,,12306,—,low,0,,,按直线距离 535 公里估算，非实录班次；具体车次与票价请查 12306 或航司
R216,南京,云台山,高铁(估),—,,,243,324,567,未核实,40,35,30,348,,12306,—,low,0,,,按直线距离 810 公里估算，非实录班次；具体车次与票价请查 12306 或航司
R217,南京,井冈山,高铁(估),—,,,295,394,689,未核实,40,35,30,400,,12306,—,low,0,,,按直线距离 985 公里估算，非实录班次；具体车次与票价请查 12306 或航司
R218,北京,杭州,飞机(估),—,,,245,876,1607,未核实,80,70,110,505,,航司官网,—,low,0,,,按直线距离 1461 公里估算，非实录班次；具体车次与票价请查 12306 或航司
R219,北京,重庆,飞机(估),—,,,283,1138,2086,未核实,80,70,110,543,,航司官网,—,low,0,,,按直线距离 1896 公里估算，非实录班次；具体车次与票价请查 12306 或航司
R220,北京,都江堰青城山,飞机(估),—,,,290,1187,2175,未核实,80,70,110,550,,航司官网,—,low,0,,,按直线距离 1978 公里估算，非实录班次；具体车次与票价请查 12306 或航司
R221,北京,街子古镇,飞机(估),—,,,291,1199,2199,未核实,80,70,110,551,,航司官网,—,low,0,,,按直线距离 1999 公里估算，非实录班次；具体车次与票价请查 12306 或航司
R222,北京,犍为嘉阳小火车,飞机(估),—,,,303,1283,2352,未核实,80,70,110,563,,航司官网,—,low,0,,,按直线距离 2138 公里估算，非实录班次；具体车次与票价请查 12306 或航司
R223,北京,韩城党家村,高铁(估),—,,,281,374,655,未核实,40,35,30,386,,12306,—,low,0,,,按直线距离 935 公里估算，非实录班次；具体车次与票价请查 12306 或航司
R224,北京,莫干山,飞机(估),—,,,241,846,1551,未核实,80,70,110,501,,航司官网,—,low,0,,,按直线距离 1410 公里估算，非实录班次；具体车次与票价请查 12306 或航司
R225,北京,良渚古城遗址,飞机(估),—,,,243,863,1582,未核实,80,70,110,503,,航司官网,—,low,0,,,按直线距离 1438 公里估算，非实录班次；具体车次与票价请查 12306 或航司
R226,北京,桐庐富春江,飞机(估),—,,,250,907,1663,未核实,80,70,110,510,,航司官网,—,low,0,,,按直线距离 1512 公里估算，非实录班次；具体车次与票价请查 12306 或航司
R227,北京,汉中,飞机(估),—,,,246,882,1617,未核实,80,70,110,506,,航司官网,—,low,0,,,按直线距离 1470 公里估算，非实录班次；具体车次与票价请查 12306 或航司
R228,北京,苏州,飞机(估),—,,,235,802,1471,未核实,80,70,110,495,,航司官网,—,low,0,,,按直线距离 1337 公里估算，非实录班次；具体车次与票价请查 12306 或航司
R229,北京,绍兴,飞机(估),—,,,250,908,1665,未核实,80,70,110,510,,航司官网,—,low,0,,,按直线距离 1514 公里估算，非实录班次；具体车次与票价请查 12306 或航司
R230,北京,乌镇西栅,飞机(估),—,,,241,845,1549,未核实,80,70,110,501,,航司官网,—,low,0,,,按直线距离 1408 公里估算，非实录班次；具体车次与票价请查 12306 或航司
R231,北京,西塘,飞机(估),—,,,240,839,1538,未核实,80,70,110,500,,航司官网,—,low,0,,,按直线距离 1398 公里估算，非实录班次；具体车次与票价请查 12306 或航司
R232,北京,千岛湖,飞机(估),—,,,250,913,1673,未核实,80,70,110,510,,航司官网,—,low,0,,,按直线距离 1521 公里估算，非实录班次；具体车次与票价请查 12306 或航司
R233,北京,无锡,飞机(估),—,,,231,780,1429,未核实,80,70,110,491,,航司官网,—,low,0,,,按直线距离 1299 公里估算，非实录班次；具体车次与票价请查 12306 或航司
R234,北京,扬州,高铁(估),—,,,342,456,798,未核实,40,35,30,447,,12306,—,low,0,,,按直线距离 1141 公里估算，非实录班次；具体车次与票价请查 12306 或航司
R235,北京,舟山嵊泗,飞机(估),—,,,249,903,1656,未核实,80,70,110,509,,航司官网,—,low,0,,,按直线距离 1506 公里估算，非实录班次；具体车次与票价请查 12306 或航司
R236,北京,张家界武陵源,飞机(估),—,,,264,1011,1853,未核实,80,70,110,524,,航司官网,—,low,0,,,按直线距离 1684 公里估算，非实录班次；具体车次与票价请查 12306 或航司
R237,北京,凤凰古城,飞机(估),—,,,284,1146,2101,未核实,80,70,110,544,,航司官网,—,low,0,,,按直线距离 1910 公里估算，非实录班次；具体车次与票价请查 12306 或航司
R238,北京,南岳衡山,飞机(估),—,,,281,1128,2069,未核实,80,70,110,541,,航司官网,—,low,0,,,按直线距离 1881 公里估算，非实录班次；具体车次与票价请查 12306 或航司
R239,北京,郴州小东江,飞机(估),—,,,298,1248,2287,未核实,80,70,110,558,,航司官网,—,low,0,,,按直线距离 2079 公里估算，非实录班次；具体车次与票价请查 12306 或航司
R240,北京,郴州高椅岭,飞机(估),—,,,297,1242,2276,未核实,80,70,110,557,,航司官网,—,low,0,,,按直线距离 2069 公里估算，非实录班次；具体车次与票价请查 12306 或航司
R241,北京,伊犁河谷,飞机(估),—,,,445,2274,4168,未核实,80,70,110,705,,航司官网,—,low,0,,,按直线距离 3789 公里估算，非实录班次；具体车次与票价请查 12306 或航司
R242,北京,喀纳斯禾木,飞机(估),—,,,400,1963,3599,未核实,80,70,110,660,,航司官网,—,low,0,,,按直线距离 3271 公里估算，非实录班次；具体车次与票价请查 12306 或航司
R243,北京,吐鲁番,飞机(估),—,,,375,1782,3266,未核实,80,70,110,635,,航司官网,—,low,0,,,按直线距离 2969 公里估算，非实录班次；具体车次与票价请查 12306 或航司
R244,北京,喀什,飞机(估),—,,,502,2674,4903,未核实,80,70,110,762,,航司官网,—,low,0,,,按直线距离 4457 公里估算，非实录班次；具体车次与票价请查 12306 或航司
R245,北京,独库公路,飞机(估),—,,,417,2079,3811,未核实,80,70,110,677,,航司官网,—,low,0,,,按直线距离 3465 公里估算，非实录班次；具体车次与票价请查 12306 或航司
R246,北京,巴音布鲁克,飞机(估),—,,,420,2102,3853,未核实,80,70,110,680,,航司官网,—,low,0,,,按直线距离 3503 公里估算，非实录班次；具体车次与票价请查 12306 或航司
R247,北京,稻城亚丁,飞机(估),—,,,332,1483,2719,未核实,80,70,110,592,,航司官网,—,low,0,,,按直线距离 2472 公里估算，非实录班次；具体车次与票价请查 12306 或航司
R248,北京,四姑娘山,飞机(估),—,,,294,1220,2236,未核实,80,70,110,554,,航司官网,—,low,0,,,按直线距离 2033 公里估算，非实录班次；具体车次与票价请查 12306 或航司
R249,北京,色达,飞机(估),—,,,306,1304,2391,未核实,80,70,110,566,,航司官网,—,low,0,,,按直线距离 2173 公里估算，非实录班次；具体车次与票价请查 12306 或航司
R250,北京,新都桥,飞机(估),—,,,314,1359,2492,未核实,80,70,110,574,,航司官网,—,low,0,,,按直线距离 2265 公里估算，非实录班次；具体车次与票价请查 12306 或航司
R251,北京,丹巴甲居藏寨,飞机(估),—,,,304,1289,2362,未核实,80,70,110,564,,航司官网,—,low,0,,,按直线距离 2148 公里估算，非实录班次；具体车次与票价请查 12306 或航司
R252,北京,海螺沟,飞机(估),—,,,313,1352,2479,未核实,80,70,110,573,,航司官网,—,low,0,,,按直线距离 2254 公里估算，非实录班次；具体车次与票价请查 12306 或航司
R253,北京,若尔盖花湖,飞机(估),—,,,275,1088,1996,未核实,80,70,110,535,,航司官网,—,low,0,,,按直线距离 1814 公里估算，非实录班次；具体车次与票价请查 12306 或航司
R254,北京,承德避暑山庄,高铁(估),—,,,69,91,160,未核实,40,35,30,174,,12306,—,low,0,,,按直线距离 228 公里估算，非实录班次；具体车次与票价请查 12306 或航司
R255,北京,安阳殷墟,高铁(估),—,,,179,238,417,未核实,40,35,30,284,,12306,—,low,0,,,按直线距离 596 公里估算，非实录班次；具体车次与票价请查 12306 或航司
R256,北京,林州太行大峡谷,高铁(估),—,,,191,255,446,未核实,40,35,30,296,,12306,—,low,0,,,按直线距离 637 公里估算，非实录班次；具体车次与票价请查 12306 或航司
R257,北京,泉州,飞机(估),—,,,308,1314,2409,未核实,80,70,110,568,,航司官网,—,low,0,,,按直线距离 2190 公里估算，非实录班次；具体车次与票价请查 12306 或航司
R258,北京,大理,飞机(估),—,,,363,1704,3125,未核实,80,70,110,623,,航司官网,—,low,0,,,按直线距离 2841 公里估算，非实录班次；具体车次与票价请查 12306 或航司
R259,北京,丽江香格里拉,飞机(估),—,,,352,1623,2975,未核实,80,70,110,612,,航司官网,—,low,0,,,按直线距离 2705 公里估算，非实录班次；具体车次与票价请查 12306 或航司
R260,北京,贵州黄果树荔波,飞机(估),—,,,325,1435,2631,未核实,80,70,110,585,,航司官网,—,low,0,,,按直线距离 2392 公里估算，非实录班次；具体车次与票价请查 12306 或航司
R261,北京,桂林阳朔,飞机(估),—,,,312,1344,2465,未核实,80,70,110,572,,航司官网,—,low,0,,,按直线距离 2241 公里估算，非实录班次；具体车次与票价请查 12306 或航司
R262,北京,青海湖茶卡,飞机(估),—,,,282,1134,2079,未核实,80,70,110,542,,航司官网,—,low,0,,,按直线距离 1890 公里估算，非实录班次；具体车次与票价请查 12306 或航司
R263,北京,张掖七彩丹霞,飞机(估),—,,,273,1071,1964,未核实,80,70,110,533,,航司官网,—,low,0,,,按直线距离 1785 公里估算，非实录班次；具体车次与票价请查 12306 或航司
R264,北京,广州,飞机(估),—,,,330,1473,2701,未核实,80,70,110,590,,航司官网,—,low,0,,,按直线距离 2455 公里估算，非实录班次；具体车次与票价请查 12306 或航司
R265,北京,潮汕,飞机(估),—,,,325,1436,2632,未核实,80,70,110,585,,航司官网,—,low,0,,,按直线距离 2393 公里估算，非实录班次；具体车次与票价请查 12306 或航司
R266,北京,武夷山,飞机(估),—,,,272,1061,1944,未核实,80,70,110,532,,航司官网,—,low,0,,,按直线距离 1768 公里估算，非实录班次；具体车次与票价请查 12306 或航司
R267,北京,武汉,飞机(估),—,,,237,821,1505,未核实,80,70,110,497,,航司官网,—,low,0,,,按直线距离 1369 公里估算，非实录班次；具体车次与票价请查 12306 或航司
R268,北京,深圳,飞机(估),—,,,337,1516,2779,未核实,80,70,110,597,,航司官网,—,low,0,,,按直线距离 2526 公里估算，非实录班次；具体车次与票价请查 12306 或航司
R269,北京,福州,飞机(估),—,,,294,1218,2232,未核实,80,70,110,554,,航司官网,—,low,0,,,按直线距离 2029 公里估算，非实录班次；具体车次与票价请查 12306 或航司
R270,北京,郑州,高铁(估),—,,,243,324,568,未核实,40,35,30,348,,12306,—,low,0,,,按直线距离 811 公里估算，非实录班次；具体车次与票价请查 12306 或航司
R271,北京,黄山,飞机(估),—,,,242,857,1570,未核实,80,70,110,502,,航司官网,—,low,0,,,按直线距离 1428 公里估算，非实录班次；具体车次与票价请查 12306 或航司
R272,北京,乐山,飞机(估),—,,,301,1270,2327,未核实,80,70,110,561,,航司官网,—,low,0,,,按直线距离 2116 公里估算，非实录班次；具体车次与票价请查 12306 或航司
R273,北京,桐庐,飞机(估),—,,,250,907,1663,未核实,80,70,110,510,,航司官网,—,low,0,,,按直线距离 1512 公里估算，非实录班次；具体车次与票价请查 12306 或航司
R274,北京,德清,飞机(估),—,,,242,853,1563,未核实,80,70,110,502,,航司官网,—,low,0,,,按直线距离 1421 公里估算，非实录班次；具体车次与票价请查 12306 或航司
R275,北京,南昌,飞机(估),—,,,259,974,1786,未核实,80,70,110,519,,航司官网,—,low,0,,,按直线距离 1624 公里估算，非实录班次；具体车次与票价请查 12306 或航司
R276,北京,婺源,飞机(估),—,,,253,930,1705,未核实,80,70,110,513,,航司官网,—,low,0,,,按直线距离 1550 公里估算，非实录班次；具体车次与票价请查 12306 或航司
R277,北京,庐山,飞机(估),—,,,248,898,1646,未核实,80,70,110,508,,航司官网,—,low,0,,,按直线距离 1496 公里估算，非实录班次；具体车次与票价请查 12306 或航司
R278,北京,景德镇,飞机(估),—,,,252,924,1694,未核实,80,70,110,512,,航司官网,—,low,0,,,按直线距离 1540 公里估算，非实录班次；具体车次与票价请查 12306 或航司
R279,北京,三清山,飞机(估),—,,,257,961,1761,未核实,80,70,110,517,,航司官网,—,low,0,,,按直线距离 1601 公里估算，非实录班次；具体车次与票价请查 12306 或航司
R280,北京,定州,高铁(估),—,,,77,102,179,未核实,40,35,30,182,,12306,—,low,0,,,按直线距离 256 公里估算，非实录班次；具体车次与票价请查 12306 或航司
R281,北京,乐山大佛,飞机(估),—,,,301,1270,2328,未核实,80,70,110,561,,航司官网,—,low,0,,,按直线距离 2116 公里估算，非实录班次；具体车次与票价请查 12306 或航司
R282,北京,峨眉山,飞机(估),—,,,305,1293,2371,未核实,80,70,110,565,,航司官网,—,low,0,,,按直线距离 2155 公里估算，非实录班次；具体车次与票价请查 12306 或航司
R283,北京,宏村西递,飞机(估),—,,,245,874,1603,未核实,80,70,110,505,,航司官网,—,low,0,,,按直线距离 1457 公里估算，非实录班次；具体车次与票价请查 12306 或航司
R284,北京,曲阜三孔,高铁(估),—,,,188,251,438,未核实,40,35,30,293,,12306,—,low,0,,,按直线距离 626 公里估算，非实录班次；具体车次与票价请查 12306 或航司
R285,北京,五台山,高铁(估),—,,,102,136,238,未核实,40,35,30,207,,12306,—,low,0,,,按直线距离 340 公里估算，非实录班次；具体车次与票价请查 12306 或航司
R286,北京,武当山,飞机(估),—,,,227,752,1380,未核实,80,70,110,487,,航司官网,—,low,0,,,按直线距离 1254 公里估算，非实录班次；具体车次与票价请查 12306 或航司
R287,北京,恩施大峡谷,飞机(估),—,,,255,948,1738,未核实,80,70,110,515,,航司官网,—,low,0,,,按直线距离 1580 公里估算，非实录班次；具体车次与票价请查 12306 或航司
R288,北京,长白山,飞机(估),—,,,232,784,1437,未核实,80,70,110,492,,航司官网,—,low,0,,,按直线距离 1306 公里估算，非实录班次；具体车次与票价请查 12306 或航司
R289,北京,大连,高铁(估),—,,,180,240,419,未核实,40,35,30,285,,12306,—,low,0,,,按直线距离 599 公里估算，非实录班次；具体车次与票价请查 12306 或航司
R290,北京,银川沙坡头,飞机(估),—,,,234,798,1462,未核实,80,70,110,494,,航司官网,—,low,0,,,按直线距离 1329 公里估算，非实录班次；具体车次与票价请查 12306 或航司
R291,北京,西双版纳,飞机(估),—,,,396,1932,3542,未核实,80,70,110,656,,航司官网,—,low,0,,,按直线距离 3220 公里估算，非实录班次；具体车次与票价请查 12306 或航司
R292,北京,泸沽湖,飞机(估),—,,,340,1541,2824,未核实,80,70,110,600,,航司官网,—,low,0,,,按直线距离 2568 公里估算，非实录班次；具体车次与票价请查 12306 或航司
R293,北京,元阳梯田,飞机(估),—,,,373,1768,3242,未核实,80,70,110,633,,航司官网,—,low,0,,,按直线距离 2947 公里估算，非实录班次；具体车次与票价请查 12306 或航司
R294,北京,北海涠洲岛,飞机(估),—,,,366,1723,3158,未核实,80,70,110,626,,航司官网,—,low,0,,,按直线距离 2871 公里估算，非实录班次；具体车次与票价请查 12306 或航司
R295,北京,德天瀑布,飞机(估),—,,,354,1641,3009,未核实,80,70,110,614,,航司官网,—,low,0,,,按直线距离 2735 公里估算，非实录班次；具体车次与票价请查 12306 或航司
R296,北京,普陀山,飞机(估),—,,,257,957,1755,未核实,80,70,110,517,,航司官网,—,low,0,,,按直线距离 1595 公里估算，非实录班次；具体车次与票价请查 12306 或航司
R297,北京,云台山,高铁(估),—,,,222,295,517,未核实,40,35,30,327,,12306,—,low,0,,,按直线距离 739 公里估算，非实录班次；具体车次与票价请查 12306 或航司
R298,北京,井冈山,飞机(估),—,,,287,1168,2141,未核实,80,70,110,547,,航司官网,—,low,0,,,按直线距离 1946 公里估算，非实录班次；具体车次与票价请查 12306 或航司
R299,邯郸,杭州,高铁(估),—,,,342,456,798,未核实,40,35,30,447,,12306,—,low,0,,,按直线距离 1140 公里估算，非实录班次；具体车次与票价请查 12306 或航司
R300,邯郸,重庆,飞机(估),—,,,240,843,1546,未核实,80,70,110,500,,航司官网,—,low,0,,,按直线距离 1405 公里估算，非实录班次；具体车次与票价请查 12306 或航司
R301,邯郸,都江堰青城山,飞机(估),—,,,252,925,1696,未核实,80,70,110,512,,航司官网,—,low,0,,,按直线距离 1542 公里估算，非实录班次；具体车次与票价请查 12306 或航司
R302,邯郸,街子古镇,飞机(估),—,,,254,938,1719,未核实,80,70,110,514,,航司官网,—,low,0,,,按直线距离 1563 公里估算，非实录班次；具体车次与票价请查 12306 或航司
R303,邯郸,犍为嘉阳小火车,飞机(估),—,,,263,1003,1838,未核实,80,70,110,523,,航司官网,—,low,0,,,按直线距离 1671 公里估算，非实录班次；具体车次与票价请查 12306 或航司
R304,邯郸,韩城党家村,高铁(估),—,,,152,203,355,未核实,40,35,30,257,,12306,—,low,0,,,按直线距离 507 公里估算，非实录班次；具体车次与票价请查 12306 或航司
R305,邯郸,莫干山,高铁(估),—,,,326,434,760,未核实,40,35,30,431,,12306,—,low,0,,,按直线距离 1086 公里估算，非实录班次；具体车次与票价请查 12306 或航司
R306,邯郸,良渚古城遗址,高铁(估),—,,,334,446,780,未核实,40,35,30,439,,12306,—,low,0,,,按直线距离 1115 公里估算，非实录班次；具体车次与票价请查 12306 或航司
R307,邯郸,桐庐富春江,高铁(估),—,,,350,467,817,未核实,40,35,30,455,,12306,—,low,0,,,按直线距离 1167 公里估算，非实录班次；具体车次与票价请查 12306 或航司
R308,邯郸,汉中,高铁(估),—,,,309,411,720,未核实,40,35,30,414,,12306,—,low,0,,,按直线距离 1029 公里估算，非实录班次；具体车次与票价请查 12306 或航司
R309,邯郸,苏州,高铁(估),—,,,317,423,740,未核实,40,35,30,422,,12306,—,low,0,,,按直线距离 1057 公里估算，非实录班次；具体车次与票价请查 12306 或航司
R310,邯郸,绍兴,飞机(估),—,,,223,722,1324,未核实,80,70,110,483,,航司官网,—,low,0,,,按直线距离 1203 公里估算，非实录班次；具体车次与票价请查 12306 或航司
R311,邯郸,乌镇西栅,高铁(估),—,,,333,444,777,未核实,40,35,30,438,,12306,—,low,0,,,按直线距离 1111 公里估算，非实录班次；具体车次与票价请查 12306 或航司
R312,邯郸,西塘,高铁(估),—,,,336,448,784,未核实,40,35,30,441,,12306,—,low,0,,,按直线距离 1120 公里估算，非实录班次；具体车次与票价请查 12306 或航司
R313,邯郸,千岛湖,高铁(估),—,,,345,461,806,未核实,40,35,30,450,,12306,—,low,0,,,按直线距离 1152 公里估算，非实录班次；具体车次与票价请查 12306 或航司
R314,邯郸,无锡,高铁(估),—,,,304,406,710,未核实,40,35,30,409,,12306,—,low,0,,,按直线距离 1014 公里估算，非实录班次；具体车次与票价请查 12306 或航司
R315,邯郸,扬州,高铁(估),—,,,253,337,590,未核实,40,35,30,358,,12306,—,low,0,,,按直线距离 843 公里估算，非实录班次；具体车次与票价请查 12306 或航司
R316,邯郸,舟山嵊泗,飞机(估),—,,,230,767,1405,未核实,80,70,110,490,,航司官网,—,low,0,,,按直线距离 1278 公里估算，非实录班次；具体车次与票价请查 12306 或航司
R317,邯郸,张家界武陵源,高铁(估),—,,,350,466,816,未核实,40,35,30,455,,12306,—,low,0,,,按直线距离 1165 公里估算，非实录班次；具体车次与票价请查 12306 或航司
R318,邯郸,凤凰古城,飞机(估),—,,,239,835,1531,未核实,80,70,110,499,,航司官网,—,low,0,,,按直线距离 1391 公里估算，非实录班次；具体车次与票价请查 12306 或航司
R319,邯郸,南岳衡山,飞机(估),—,,,238,823,1510,未核实,80,70,110,498,,航司官网,—,low,0,,,按直线距离 1372 公里估算，非实录班次；具体车次与票价请查 12306 或航司
R320,邯郸,郴州小东江,飞机(估),—,,,255,945,1733,未核实,80,70,110,515,,航司官网,—,low,0,,,按直线距离 1576 公里估算，非实录班次；具体车次与票价请查 12306 或航司
R321,邯郸,郴州高椅岭,飞机(估),—,,,254,940,1724,未核实,80,70,110,514,,航司官网,—,low,0,,,按直线距离 1567 公里估算，非实录班次；具体车次与票价请查 12306 或航司
R322,邯郸,伊犁河谷,飞机(估),—,,,444,2270,4162,未核实,80,70,110,704,,航司官网,—,low,0,,,按直线距离 3784 公里估算，非实录班次；具体车次与票价请查 12306 或航司
R323,邯郸,喀纳斯禾木,飞机(估),—,,,410,2028,3718,未核实,80,70,110,670,,航司官网,—,low,0,,,按直线距离 3380 公里估算，非实录班次；具体车次与票价请查 12306 或航司
R324,邯郸,吐鲁番,飞机(估),—,,,373,1768,3242,未核实,80,70,110,633,,航司官网,—,low,0,,,按直线距离 2947 公里估算，非实录班次；具体车次与票价请查 12306 或航司
R325,邯郸,喀什,飞机(估),—,,,495,2625,4812,未核实,80,70,110,755,,航司官网,—,low,0,,,按直线距离 4374 公里估算，非实录班次；具体车次与票价请查 12306 或航司
R326,邯郸,独库公路,飞机(估),—,,,415,2064,3784,未核实,80,70,110,675,,航司官网,—,low,0,,,按直线距离 3440 公里估算，非实录班次；具体车次与票价请查 12306 或航司
R327,邯郸,巴音布鲁克,飞机(估),—,,,418,2085,3822,未核实,80,70,110,678,,航司官网,—,low,0,,,按直线距离 3475 公里估算，非实录班次；具体车次与票价请查 12306 或航司
R328,邯郸,稻城亚丁,飞机(估),—,,,295,1226,2247,未核实,80,70,110,555,,航司官网,—,low,0,,,按直线距离 2043 公里估算，非实录班次；具体车次与票价请查 12306 或航司
R329,邯郸,四姑娘山,飞机(估),—,,,258,965,1769,未核实,80,70,110,518,,航司官网,—,low,0,,,按直线距离 1609 公里估算，非实录班次；具体车次与票价请查 12306 或航司
R330,邯郸,色达,飞机(估),—,,,275,1083,1985,未核实,80,70,110,535,,航司官网,—,low,0,,,按直线距离 1805 公里估算，非实录班次；具体车次与票价请查 12306 或航司
R331,邯郸,新都桥,飞机(估),—,,,278,1103,2023,未核实,80,70,110,538,,航司官网,—,low,0,,,按直线距离 1839 公里估算，非实录班次；具体车次与票价请查 12306 或航司
R332,邯郸,丹巴甲居藏寨,飞机(估),—,,,268,1039,1904,未核实,80,70,110,528,,航司官网,—,low,0,,,按直线距离 1731 公里估算，非实录班次；具体车次与票价请查 12306 或航司
R333,邯郸,海螺沟,飞机(估),—,,,275,1088,1994,未核实,80,70,110,535,,航司官网,—,low,0,,,按直线距离 1813 公里估算，非实录班次；具体车次与票价请查 12306 或航司
R334,邯郸,若尔盖花湖,飞机(估),—,,,244,870,1595,未核实,80,70,110,504,,航司官网,—,low,0,,,按直线距离 1450 公里估算，非实录班次；具体车次与票价请查 12306 或航司
R335,邯郸,北戴河,高铁(估),—,,,218,291,509,未核实,40,35,30,323,,12306,—,low,0,,,按直线距离 727 公里估算，非实录班次；具体车次与票价请查 12306 或航司
R336,邯郸,古北水镇司马台,高铁(估),—,,,196,262,458,未核实,40,35,30,301,,12306,—,low,0,,,按直线距离 654 公里估算，非实录班次；具体车次与票价请查 12306 或航司
R337,邯郸,泰山,高铁(估),—,,,91,121,212,未核实,40,35,30,196,,12306,—,low,0,,,按直线距离 303 公里估算，非实录班次；具体车次与票价请查 12306 或航司
R338,邯郸,泉州,飞机(估),—,,,272,1064,1952,未核实,80,70,110,532,,航司官网,—,low,0,,,按直线距离 1774 公里估算，非实录班次；具体车次与票价请查 12306 或航司
R339,邯郸,大理,飞机(估),—,,,323,1424,2610,未核实,80,70,110,583,,航司官网,—,low,0,,,按直线距离 2373 公里估算，非实录班次；具体车次与票价请查 12306 或航司
R340,邯郸,丽江香格里拉,飞机(估),—,,,313,1350,2475,未核实,80,70,110,573,,航司官网,—,low,0,,,按直线距离 2250 公里估算，非实录班次；具体车次与票价请查 12306 或航司
R341,邯郸,贵州黄果树荔波,飞机(估),—,,,282,1131,2074,未核实,80,70,110,542,,航司官网,—,low,0,,,按直线距离 1885 公里估算，非实录班次；具体车次与票价请查 12306 或航司
R342,邯郸,桂林阳朔,飞机(估),—,,,268,1034,1895,未核实,80,70,110,528,,航司官网,—,low,0,,,按直线距离 1723 公里估算，非实录班次；具体车次与票价请查 12306 或航司
R343,邯郸,敦煌,飞机(估),—,,,317,1382,2534,未核实,80,70,110,577,,航司官网,—,low,0,,,按直线距离 2304 公里估算，非实录班次；具体车次与票价请查 12306 或航司
R344,邯郸,青海湖茶卡,飞机(估),—,,,263,999,1832,未核实,80,70,110,523,,航司官网,—,low,0,,,按直线距离 1665 公里估算，非实录班次；具体车次与票价请查 12306 或航司
R345,邯郸,张掖七彩丹霞,飞机(估),—,,,261,985,1806,未核实,80,70,110,521,,航司官网,—,low,0,,,按直线距离 1642 公里估算，非实录班次；具体车次与票价请查 12306 或航司
R346,邯郸,拉萨,飞机(估),—,,,377,1796,3293,未核实,80,70,110,637,,航司官网,—,low,0,,,按直线距离 2993 公里估算，非实录班次；具体车次与票价请查 12306 或航司
R347,邯郸,哈尔滨,飞机(估),—,,,279,1114,2042,未核实,80,70,110,539,,航司官网,—,low,0,,,按直线距离 1857 公里估算，非实录班次；具体车次与票价请查 12306 或航司
R348,邯郸,呼伦贝尔,飞机(估),—,,,283,1140,2091,未核实,80,70,110,543,,航司官网,—,low,0,,,按直线距离 1901 公里估算，非实录班次；具体车次与票价请查 12306 或航司
R349,邯郸,三亚,飞机(估),—,,,354,1639,3005,未核实,80,70,110,614,,航司官网,—,low,0,,,按直线距离 2732 公里估算，非实录班次；具体车次与票价请查 12306 或航司
R350,邯郸,广州,飞机(估),—,,,288,1174,2153,未核实,80,70,110,548,,航司官网,—,low,0,,,按直线距离 1957 公里估算，非实录班次；具体车次与票价请查 12306 或航司
R351,邯郸,潮汕,飞机(估),—,,,286,1162,2131,未核实,80,70,110,546,,航司官网,—,low,0,,,按直线距离 1937 公里估算，非实录班次；具体车次与票价请查 12306 或航司
R352,邯郸,武夷山,飞机(估),—,,,236,811,1487,未核实,80,70,110,496,,航司官网,—,low,0,,,按直线距离 1352 公里估算，非实录班次；具体车次与票价请查 12306 或航司
R353,邯郸,天津,高铁(估),—,,,140,187,327,未核实,40,35,30,245,,12306,—,low,0,,,按直线距离 468 公里估算，非实录班次；具体车次与票价请查 12306 或航司
R354,邯郸,深圳,飞机(估),—,,,295,1222,2240,未核实,80,70,110,555,,航司官网,—,low,0,,,按直线距离 2036 公里估算，非实录班次；具体车次与票价请查 12306 或航司
R355,邯郸,福州,飞机(估),—,,,260,980,1797,未核实,80,70,110,520,,航司官网,—,low,0,,,按直线距离 1634 公里估算，非实录班次；具体车次与票价请查 12306 或航司
R356,邯郸,黄山,高铁(估),—,,,311,414,725,未核实,40,35,30,416,,12306,—,low,0,,,按直线距离 1035 公里估算，非实录班次；具体车次与票价请查 12306 或航司
R357,邯郸,乐山,飞机(估),—,,,262,993,1821,未核实,80,70,110,522,,航司官网,—,low,0,,,按直线距离 1656 公里估算，非实录班次；具体车次与票价请查 12306 或航司
R358,邯郸,桐庐,高铁(估),—,,,350,467,817,未核实,40,35,30,455,,12306,—,low,0,,,按直线距离 1167 公里估算，非实录班次；具体车次与票价请查 12306 或航司
R359,邯郸,德清,高铁(估),—,,,331,442,773,未核实,40,35,30,436,,12306,—,low,0,,,按直线距离 1104 公里估算，非实录班次；具体车次与票价请查 12306 或航司
R360,邯郸,南昌,高铁(估),—,,,348,464,812,未核实,40,35,30,453,,12306,—,low,0,,,按直线距离 1159 公里估算，非实录班次；具体车次与票价请查 12306 或航司
R361,邯郸,婺源,高铁(估),—,,,342,456,798,未核实,40,35,30,447,,12306,—,low,0,,,按直线距离 1140 公里估算，非实录班次；具体车次与票价请查 12306 或航司
R362,邯郸,庐山,高铁(估),—,,,311,415,726,未核实,40,35,30,416,,12306,—,low,0,,,按直线距离 1037 公里估算，非实录班次；具体车次与票价请查 12306 或航司
R363,邯郸,景德镇,高铁(估),—,,,333,444,777,未核实,40,35,30,438,,12306,—,low,0,,,按直线距离 1110 公里估算，非实录班次；具体车次与票价请查 12306 或航司
R364,邯郸,三清山,高铁(估),—,,,358,478,836,未核实,40,35,30,463,,12306,—,low,0,,,按直线距离 1194 公里估算，非实录班次；具体车次与票价请查 12306 或航司
R365,邯郸,定州,高铁(估),—,,,83,111,195,未核实,40,35,30,188,,12306,—,low,0,,,按直线距离 278 公里估算，非实录班次；具体车次与票价请查 12306 或航司
R366,邯郸,乐山大佛,飞机(估),—,,,262,993,1821,未核实,80,70,110,522,,航司官网,—,low,0,,,按直线距离 1656 公里估算，非实录班次；具体车次与票价请查 12306 或航司
R367,邯郸,峨眉山,飞机(估),—,,,266,1020,1870,未核实,80,70,110,526,,航司官网,—,low,0,,,按直线距离 1700 公里估算，非实录班次；具体车次与票价请查 12306 或航司
R368,邯郸,宏村西递,高铁(估),—,,,317,423,739,未核实,40,35,30,422,,12306,—,low,0,,,按直线距离 1056 公里估算，非实录班次；具体车次与票价请查 12306 或航司
R369,邯郸,曲阜三孔,高铁(估),—,,,97,129,226,未核实,40,35,30,202,,12306,—,low,0,,,按直线距离 322 公里估算，非实录班次；具体车次与票价请查 12306 或航司
R370,邯郸,五台山,高铁(估),—,,,108,144,252,未核实,40,35,30,213,,12306,—,low,0,,,按直线距离 361 公里估算，非实录班次；具体车次与票价请查 12306 或航司
R371,邯郸,武当山,高铁(估),—,,,223,297,519,未核实,40,35,30,328,,12306,—,low,0,,,按直线距离 742 公里估算，非实录班次；具体车次与票价请查 12306 或航司
R372,邯郸,恩施大峡谷,高铁(估),—,,,321,428,749,未核实,40,35,30,426,,12306,—,low,0,,,按直线距离 1070 公里估算，非实录班次；具体车次与票价请查 12306 或航司
R373,邯郸,长白山,飞机(估),—,,,265,1018,1867,未核实,80,70,110,525,,航司官网,—,low,0,,,按直线距离 1697 公里估算，非实录班次；具体车次与票价请查 12306 或航司
R374,邯郸,大连,高铁(估),—,,,262,349,611,未核实,40,35,30,367,,12306,—,low,0,,,按直线距离 873 公里估算，非实录班次；具体车次与票价请查 12306 或航司
R375,邯郸,银川沙坡头,高铁(估),—,,,332,442,774,未核实,40,35,30,437,,12306,—,low,0,,,按直线距离 1105 公里估算，非实录班次；具体车次与票价请查 12306 或航司
R376,邯郸,西双版纳,飞机(估),—,,,354,1635,2998,未核实,80,70,110,614,,航司官网,—,low,0,,,按直线距离 2726 公里估算，非实录班次；具体车次与票价请查 12306 或航司
R377,邯郸,泸沽湖,飞机(估),—,,,301,1270,2328,未核实,80,70,110,561,,航司官网,—,low,0,,,按直线距离 2116 公里估算，非实录班次；具体车次与票价请查 12306 或航司
R378,邯郸,元阳梯田,飞机(估),—,,,330,1468,2691,未核实,80,70,110,590,,航司官网,—,low,0,,,按直线距离 2446 公里估算，非实录班次；具体车次与票价请查 12306 或航司
R379,邯郸,北海涠洲岛,飞机(估),—,,,322,1412,2589,未核实,80,70,110,582,,航司官网,—,low,0,,,按直线距离 2354 公里估算，非实录班次；具体车次与票价请查 12306 或航司
R380,邯郸,德天瀑布,飞机(估),—,,,310,1330,2439,未核实,80,70,110,570,,航司官网,—,low,0,,,按直线距离 2217 公里估算，非实录班次；具体车次与票价请查 12306 或航司
R381,邯郸,普陀山,飞机(估),—,,,235,807,1480,未核实,80,70,110,495,,航司官网,—,low,0,,,按直线距离 1346 公里估算，非实录班次；具体车次与票价请查 12306 或航司
R382,邯郸,云台山,高铁(估),—,,,67,90,157,未核实,40,35,30,172,,12306,—,low,0,,,按直线距离 224 公里估算，非实录班次；具体车次与票价请查 12306 或航司
R383,邯郸,井冈山,飞机(估),—,,,245,873,1600,未核实,80,70,110,505,,航司官网,—,low,0,,,按直线距离 1454 公里估算，非实录班次；具体车次与票价请查 12306 或航司
R384,上海,都江堰青城山,飞机(估),—,,,309,1324,2427,未核实,80,70,110,569,,航司官网,—,low,0,,,按直线距离 2207 公里估算，非实录班次；具体车次与票价请查 12306 或航司
R385,上海,街子古镇,飞机(估),—,,,311,1334,2445,未核实,80,70,110,571,,航司官网,—,low,0,,,按直线距离 2223 公里估算，非实录班次；具体车次与票价请查 12306 或航司
R386,上海,犍为嘉阳小火车,飞机(估),—,,,309,1324,2426,未核实,80,70,110,569,,航司官网,—,low,0,,,按直线距离 2206 公里估算，非实录班次；具体车次与票价请查 12306 或航司
R387,上海,韩城党家村,飞机(估),—,,,246,879,1612,未核实,80,70,110,506,,航司官网,—,low,0,,,按直线距离 1465 公里估算，非实录班次；具体车次与票价请查 12306 或航司
R388,上海,莫干山,高铁(估),—,,,66,88,154,未核实,40,35,30,171,,12306,—,low,0,,,按直线距离 220 公里估算，非实录班次；具体车次与票价请查 12306 或航司
R389,上海,良渚古城遗址,高铁(估),—,,,66,88,154,未核实,40,35,30,171,,12306,—,low,0,,,按直线距离 220 公里估算，非实录班次；具体车次与票价请查 12306 或航司
R390,上海,桐庐富春江,高铁(估),—,,,91,122,213,未核实,40,35,30,196,,12306,—,low,0,,,按直线距离 305 公里估算，非实录班次；具体车次与票价请查 12306 或航司
R391,上海,汉中,飞机(估),—,,,273,1072,1966,未核实,80,70,110,533,,航司官网,—,low,0,,,按直线距离 1787 公里估算，非实录班次；具体车次与票价请查 12306 或航司
R392,上海,绍兴,高铁(估),—,,,63,84,147,未核实,40,35,30,168,,12306,—,low,0,,,按直线距离 209 公里估算，非实录班次；具体车次与票价请查 12306 或航司
R393,上海,乌镇西栅,高铁(估),—,,,42,56,98,未核实,40,35,30,147,,12306,—,low,0,,,按直线距离 141 公里估算，非实录班次；具体车次与票价请查 12306 或航司
R394,上海,西塘,高铁(估),—,,,25,33,58,未核实,40,35,30,130,,12306,—,low,0,,,按直线距离 83 公里估算，非实录班次；具体车次与票价请查 12306 或航司
R395,上海,千岛湖,高铁(估),—,,,115,153,268,未核实,40,35,30,220,,12306,—,low,0,,,按直线距离 384 公里估算，非实录班次；具体车次与票价请查 12306 或航司
R396,上海,无锡,高铁(估),—,,,44,59,104,未核实,40,35,30,149,,12306,—,low,0,,,按直线距离 148 公里估算，非实录班次；具体车次与票价请查 12306 或航司
R397,上海,扬州,高铁(估),—,,,91,122,213,未核实,40,35,30,196,,12306,—,low,0,,,按直线距离 304 公里估算，非实录班次；具体车次与票价请查 12306 或航司
R398,上海,舟山嵊泗,高铁(估),—,,,43,57,100,未核实,40,35,30,148,,12306,—,low,0,,,按直线距离 142 公里估算，非实录班次；具体车次与票价请查 12306 或航司
R399,上海,张家界武陵源,飞机(估),—,,,240,840,1540,未核实,80,70,110,500,,航司官网,—,low,0,,,按直线距离 1400 公里估算，非实录班次；具体车次与票价请查 12306 或航司
R400,上海,凤凰古城,飞机(估),—,,,254,939,1722,未核实,80,70,110,514,,航司官网,—,low,0,,,按直线距离 1565 公里估算，非实录班次；具体车次与票价请查 12306 或航司
R401,上海,南岳衡山,飞机(估),—,,,226,745,1367,未核实,80,70,110,486,,航司官网,—,low,0,,,按直线距离 1242 公里估算，非实录班次；具体车次与票价请查 12306 或航司
R402,上海,郴州小东江,飞机(估),—,,,234,797,1461,未核实,80,70,110,494,,航司官网,—,low,0,,,按直线距离 1328 公里估算，非实录班次；具体车次与票价请查 12306 或航司
R403,上海,郴州高椅岭,飞机(估),—,,,232,787,1443,未核实,80,70,110,492,,航司官网,—,low,0,,,按直线距离 1312 公里估算，非实录班次；具体车次与票价请查 12306 或航司
R404,上海,乌鲁木齐,飞机(估),—,,,484,2549,4673,未核实,80,70,110,744,,航司官网,—,low,0,,,按直线距离 4248 公里估算，非实录班次；具体车次与票价请查 12306 或航司
R405,上海,伊犁河谷,飞机(估),—,,,539,2936,5383,未核实,80,70,110,799,,航司官网,—,low,0,,,按直线距离 4894 公里估算，非实录班次；具体车次与票价请查 12306 或航司
R406,上海,喀纳斯禾木,飞机(估),—,,,507,2712,4972,未核实,80,70,110,767,,航司官网,—,low,0,,,按直线距离 4520 公里估算，非实录班次；具体车次与票价请查 12306 或航司
R407,上海,吐鲁番,飞机(估),—,,,468,2434,4463,未核实,80,70,110,728,,航司官网,—,low,0,,,按直线距离 4057 公里估算，非实录班次；具体车次与票价请查 12306 或航司
R408,上海,喀什,飞机(估),—,,,586,3260,5977,未核实,80,70,110,846,,航司官网,—,low,0,,,按直线距离 5434 公里估算，非实录班次；具体车次与票价请查 12306 或航司
R409,上海,独库公路,飞机(估),—,,,510,2727,4999,未核实,80,70,110,770,,航司官网,—,low,0,,,按直线距离 4544 公里估算，非实录班次；具体车次与票价请查 12306 或航司
R410,上海,巴音布鲁克,飞机(估),—,,,512,2746,5035,未核实,80,70,110,772,,航司官网,—,low,0,,,按直线距离 4577 公里估算，非实录班次；具体车次与票价请查 12306 或航司
R411,上海,稻城亚丁,飞机(估),—,,,348,1597,2928,未核实,80,70,110,608,,航司官网,—,low,0,,,按直线距离 2661 公里估算，非实录班次；具体车次与票价请查 12306 或航司
R412,上海,四姑娘山,飞机(估),—,,,317,1378,2526,未核实,80,70,110,577,,航司官网,—,low,0,,,按直线距离 2296 公里估算，非实录班次；具体车次与票价请查 12306 或航司
R413,上海,色达,飞机(估),—,,,343,1559,2859,未核实,80,70,110,603,,航司官网,—,low,0,,,按直线距离 2599 公里估算，非实录班次；具体车次与票价请查 12306 或航司
R414,上海,新都桥,飞机(估),—,,,333,1493,2738,未核实,80,70,110,593,,航司官网,—,low,0,,,按直线距离 2489 公里估算，非实录班次；具体车次与票价请查 12306 或航司
R415,上海,丹巴甲居藏寨,飞机(估),—,,,328,1454,2666,未核实,80,70,110,588,,航司官网,—,low,0,,,按直线距离 2424 公里估算，非实录班次；具体车次与票价请查 12306 或航司
R416,上海,海螺沟,飞机(估),—,,,328,1453,2663,未核实,80,70,110,588,,航司官网,—,low,0,,,按直线距离 2421 公里估算，非实录班次；具体车次与票价请查 12306 或航司
R417,上海,若尔盖花湖,飞机(估),—,,,317,1377,2524,未核实,80,70,110,577,,航司官网,—,low,0,,,按直线距离 2295 公里估算，非实录班次；具体车次与票价请查 12306 或航司
R418,上海,承德避暑山庄,飞机(估),—,,,246,880,1613,未核实,80,70,110,506,,航司官网,—,low,0,,,按直线距离 1467 公里估算，非实录班次；具体车次与票价请查 12306 或航司
R419,上海,北戴河,飞机(估),—,,,228,758,1390,未核实,80,70,110,488,,航司官网,—,low,0,,,按直线距离 1263 公里估算，非实录班次；具体车次与票价请查 12306 或航司
R420,上海,古北水镇司马台,飞机(估),—,,,245,872,1598,未核实,80,70,110,505,,航司官网,—,low,0,,,按直线距离 1453 公里估算，非实录班次；具体车次与票价请查 12306 或航司
R421,上海,邯郸,高铁(估),—,,,342,456,798,未核实,40,35,30,447,,12306,—,low,0,,,按直线距离 1139 公里估算，非实录班次；具体车次与票价请查 12306 或航司
R422,上海,安阳殷墟,高铁(估),—,,,334,446,780,未核实,40,35,30,439,,12306,—,low,0,,,按直线距离 1114 公里估算，非实录班次；具体车次与票价请查 12306 或航司
R423,上海,林州太行大峡谷,高铁(估),—,,,350,466,816,未核实,40,35,30,455,,12306,—,low,0,,,按直线距离 1166 公里估算，非实录班次；具体车次与票价请查 12306 或航司
R424,上海,正定古城,飞机(估),—,,,231,776,1422,未核实,80,70,110,491,,航司官网,—,low,0,,,按直线距离 1293 公里估算，非实录班次；具体车次与票价请查 12306 或航司
R425,上海,平遥古城,飞机(估),—,,,245,874,1602,未核实,80,70,110,505,,航司官网,—,low,0,,,按直线距离 1457 公里估算，非实录班次；具体车次与票价请查 12306 或航司
R426,上海,大同云冈,飞机(估),—,,,257,958,1757,未核实,80,70,110,517,,航司官网,—,low,0,,,按直线距离 1597 公里估算，非实录班次；具体车次与票价请查 12306 或航司
R427,上海,洛阳,高铁(估),—,,,360,479,839,未核实,40,35,30,465,,12306,—,low,0,,,按直线距离 1198 公里估算，非实录班次；具体车次与票价请查 12306 或航司
R428,上海,开封,高铁(估),—,,,303,404,707,未核实,40,35,30,408,,12306,—,low,0,,,按直线距离 1010 公里估算，非实录班次；具体车次与票价请查 12306 或航司
R429,上海,青岛,高铁(估),—,,,213,285,498,未核实,40,35,30,318,,12306,—,low,0,,,按直线距离 711 公里估算，非实录班次；具体车次与票价请查 12306 或航司
R430,上海,泰山,高铁(估),—,,,269,358,627,未核实,40,35,30,374,,12306,—,low,0,,,按直线距离 896 公里估算，非实录班次；具体车次与票价请查 12306 或航司
R431,上海,泉州,高铁(估),—,,,296,394,690,未核实,40,35,30,401,,12306,—,low,0,,,按直线距离 986 公里估算，非实录班次；具体车次与票价请查 12306 或航司
R432,上海,大理,飞机(估),—,,,361,1686,3092,未核实,80,70,110,621,,航司官网,—,low,0,,,按直线距离 2811 公里估算，非实录班次；具体车次与票价请查 12306 或航司
R433,上海,丽江香格里拉,飞机(估),—,,,356,1652,3028,未核实,80,70,110,616,,航司官网,—,low,0,,,按直线距离 2753 公里估算，非实录班次；具体车次与票价请查 12306 或航司
R434,上海,贵州黄果树荔波,飞机(估),—,,,303,1284,2354,未核实,80,70,110,563,,航司官网,—,low,0,,,按直线距离 2140 公里估算，非实录班次；具体车次与票价请查 12306 或航司
R435,上海,桂林阳朔,飞机(估),—,,,263,998,1829,未核实,80,70,110,523,,航司官网,—,low,0,,,按直线距离 1663 公里估算，非实录班次；具体车次与票价请查 12306 或航司
R436,上海,敦煌,飞机(估),—,,,410,2031,3723,未核实,80,70,110,670,,航司官网,—,low,0,,,按直线距离 3385 公里估算，非实录班次；具体车次与票价请查 12306 或航司
R437,上海,青海湖茶卡,飞机(估),—,,,349,1605,2942,未核实,80,70,110,609,,航司官网,—,low,0,,,按直线距离 2674 公里估算，非实录班次；具体车次与票价请查 12306 或航司
R438,上海,张掖七彩丹霞,飞机(估),—,,,353,1630,2988,未核实,80,70,110,613,,航司官网,—,low,0,,,按直线距离 2716 公里估算，非实录班次；具体车次与票价请查 12306 或航司
R439,上海,哈尔滨,飞机(估),—,,,307,1309,2400,未核实,80,70,110,567,,航司官网,—,low,0,,,按直线距离 2182 公里估算，非实录班次；具体车次与票价请查 12306 或航司
R440,上海,呼伦贝尔,飞机(估),—,,,343,1564,2867,未核实,80,70,110,603,,航司官网,—,low,0,,,按直线距离 2606 公里估算，非实录班次；具体车次与票价请查 12306 或航司
R441,上海,三亚,飞机(估),—,,,329,1466,2687,未核实,80,70,110,589,,航司官网,—,low,0,,,按直线距离 2443 公里估算，非实录班次；具体车次与票价请查 12306 或航司
R442,上海,广州,飞机(估),—,,,255,945,1733,未核实,80,70,110,515,,航司官网,—,low,0,,,按直线距离 1575 公里估算，非实录班次；具体车次与票价请查 12306 或航司
R443,上海,潮汕,飞机(估),—,,,231,776,1423,未核实,80,70,110,491,,航司官网,—,low,0,,,按直线距离 1294 公里估算，非实录班次；具体车次与票价请查 12306 或航司
R444,上海,武夷山,高铁(估),—,,,199,266,465,未核实,40,35,30,304,,12306,—,low,0,,,按直线距离 664 公里估算，非实录班次；具体车次与票价请查 12306 或航司
R445,上海,天津,飞机(估),—,,,226,745,1366,未核实,80,70,110,486,,航司官网,—,low,0,,,按直线距离 1242 公里估算，非实录班次；具体车次与票价请查 12306 或航司
R446,上海,太原,飞机(估),—,,,243,858,1574,未核实,80,70,110,503,,航司官网,—,low,0,,,按直线距离 1431 公里估算，非实录班次；具体车次与票价请查 12306 或航司
R447,上海,武汉,高铁(估),—,,,268,357,626,未核实,40,35,30,373,,12306,—,low,0,,,按直线距离 894 公里估算，非实录班次；具体车次与票价请查 12306 或航司
R448,上海,济南,高铁(估),—,,,282,377,659,未核实,40,35,30,387,,12306,—,low,0,,,按直线距离 941 公里估算，非实录班次；具体车次与票价请查 12306 或航司
R449,上海,深圳,飞机(估),—,,,255,946,1735,未核实,80,70,110,515,,航司官网,—,low,0,,,按直线距离 1577 公里估算，非实录班次；具体车次与票价请查 12306 或航司
R450,上海,福州,高铁(估),—,,,238,318,556,未核实,40,35,30,343,,12306,—,low,0,,,按直线距离 795 公里估算，非实录班次；具体车次与票价请查 12306 或航司
R451,上海,郑州,高铁(估),—,,,324,431,755,未核实,40,35,30,429,,12306,—,low,0,,,按直线距离 1078 公里估算，非实录班次；具体车次与票价请查 12306 或航司
R452,上海,乐山,飞机(估),—,,,310,1331,2441,未核实,80,70,110,570,,航司官网,—,low,0,,,按直线距离 2219 公里估算，非实录班次；具体车次与票价请查 12306 或航司
R453,上海,石家庄,飞机(估),—,,,230,771,1414,未核实,80,70,110,490,,航司官网,—,low,0,,,按直线距离 1285 公里估算，非实录班次；具体车次与票价请查 12306 或航司
R454,上海,桐庐,高铁(估),—,,,91,122,213,未核实,40,35,30,196,,12306,—,low,0,,,按直线距离 305 公里估算，非实录班次；具体车次与票价请查 12306 或航司
R455,上海,德清,高铁(估),—,,,60,79,139,未核实,40,35,30,165,,12306,—,low,0,,,按直线距离 199 公里估算，非实录班次；具体车次与票价请查 12306 或航司
R456,上海,南昌,高铁(估),—,,,238,318,556,未核实,40,35,30,343,,12306,—,low,0,,,按直线距离 794 公里估算，非实录班次；具体车次与票价请查 12306 或航司
R457,上海,婺源,高铁(估),—,,,160,214,374,未核实,40,35,30,265,,12306,—,low,0,,,按直线距离 534 公里估算，非实录班次；具体车次与票价请查 12306 或航司
R458,上海,庐山,高铁(估),—,,,217,290,507,未核实,40,35,30,322,,12306,—,low,0,,,按直线距离 725 公里估算，非实录班次；具体车次与票价请查 12306 或航司
R459,上海,景德镇,高铁(估),—,,,182,243,425,未核实,40,35,30,287,,12306,—,low,0,,,按直线距离 607 公里估算，非实录班次；具体车次与票价请查 12306 或航司
R460,上海,三清山,高铁(估),—,,,163,217,380,未核实,40,35,30,268,,12306,—,low,0,,,按直线距离 542 公里估算，非实录班次；具体车次与票价请查 12306 或航司
R461,上海,定州,飞机(估),—,,,232,782,1433,未核实,80,70,110,492,,航司官网,—,low,0,,,按直线距离 1303 公里估算，非实录班次；具体车次与票价请查 12306 或航司
R462,上海,乐山大佛,飞机(估),—,,,310,1331,2440,未核实,80,70,110,570,,航司官网,—,low,0,,,按直线距离 2218 公里估算，非实录班次；具体车次与票价请查 12306 或航司
R463,上海,峨眉山,飞机(估),—,,,315,1364,2500,未核实,80,70,110,575,,航司官网,—,low,0,,,按直线距离 2273 公里估算，非实录班次；具体车次与票价请查 12306 或航司
R464,上海,宏村西递,高铁(估),—,,,142,190,332,未核实,40,35,30,247,,12306,—,low,0,,,按直线距离 474 公里估算，非实录班次；具体车次与票价请查 12306 或航司
R465,上海,曲阜三孔,高铁(估),—,,,249,333,582,未核实,40,35,30,354,,12306,—,low,0,,,按直线距离 831 公里估算，非实录班次；具体车次与票价请查 12306 或航司
R466,上海,五台山,飞机(估),—,,,245,875,1605,未核实,80,70,110,505,,航司官网,—,low,0,,,按直线距离 1459 公里估算，非实录班次；具体车次与票价请查 12306 或航司
R467,上海,武当山,飞机(估),—,,,231,778,1426,未核实,80,70,110,491,,航司官网,—,low,0,,,按直线距离 1297 公里估算，非实录班次；具体车次与票价请查 12306 或航司
R468,上海,恩施大峡谷,飞机(估),—,,,248,894,1640,未核实,80,70,110,508,,航司官网,—,low,0,,,按直线距离 1490 公里估算，非实录班次；具体车次与票价请查 12306 或航司
R469,上海,长白山,飞机(估),—,,,269,1040,1906,未核实,80,70,110,529,,航司官网,—,low,0,,,按直线距离 1733 公里估算，非实录班次；具体车次与票价请查 12306 或航司
R470,上海,大连,高铁(估),—,,,333,444,778,未核实,40,35,30,438,,12306,—,low,0,,,按直线距离 1111 公里估算，非实录班次；具体车次与票价请查 12306 或航司
R471,上海,银川沙坡头,飞机(估),—,,,305,1296,2375,未核实,80,70,110,565,,航司官网,—,low,0,,,按直线距离 2159 公里估算，非实录班次；具体车次与票价请查 12306 或航司
R472,上海,西双版纳,飞机(估),—,,,375,1787,3277,未核实,80,70,110,635,,航司官网,—,low,0,,,按直线距离 2979 公里估算，非实录班次；具体车次与票价请查 12306 或航司
R473,上海,泸沽湖,飞机(估),—,,,347,1589,2914,未核实,80,70,110,607,,航司官网,—,low,0,,,按直线距离 2649 公里估算，非实录班次；具体车次与票价请查 12306 或航司
R474,上海,元阳梯田,飞机(估),—,,,349,1605,2942,未核实,80,70,110,609,,航司官网,—,low,0,,,按直线距离 2674 公里估算，非实录班次；具体车次与票价请查 12306 或航司
R475,上海,北海涠洲岛,飞机(估),—,,,306,1304,2391,未核实,80,70,110,566,,航司官网,—,low,0,,,按直线距离 2174 公里估算，非实录班次；具体车次与票价请查 12306 或航司
R476,上海,德天瀑布,飞机(估),—,,,313,1350,2474,未核实,80,70,110,573,,航司官网,—,low,0,,,按直线距离 2249 公里估算，非实录班次；具体车次与票价请查 12306 或航司
R477,上海,普陀山,高铁(估),—,,,63,84,147,未核实,40,35,30,168,,12306,—,low,0,,,按直线距离 210 公里估算，非实录班次；具体车次与票价请查 12306 或航司
R478,上海,云台山,高铁(估),—,,,344,459,803,未核实,40,35,30,449,,12306,—,low,0,,,按直线距离 1147 公里估算，非实录班次；具体车次与票价请查 12306 或航司
R479,上海,井冈山,高铁(估),—,,,343,457,800,未核实,40,35,30,448,,12306,—,low,0,,,按直线距离 1143 公里估算，非实录班次；具体车次与票价请查 12306 或航司
R480,杭州,成都,飞机(估),—,,,292,1202,2204,未核实,80,70,110,552,,航司官网,—,low,0,,,按直线距离 2004 公里估算，非实录班次；具体车次与票价请查 12306 或航司
R481,杭州,西安,飞机(估),—,,,248,894,1639,未核实,80,70,110,508,,航司官网,—,low,0,,,按直线距离 1490 公里估算，非实录班次；具体车次与票价请查 12306 或航司
R482,杭州,重庆,飞机(估),—,,,266,1024,1877,未核实,80,70,110,526,,航司官网,—,low,0,,,按直线距离 1706 公里估算，非实录班次；具体车次与票价请查 12306 或航司
R483,杭州,都江堰青城山,飞机(估),—,,,296,1234,2262,未核实,80,70,110,556,,航司官网,—,low,0,,,按直线距离 2057 公里估算，非实录班次；具体车次与票价请查 12306 或航司
R484,杭州,街子古镇,飞机(估),—,,,298,1243,2279,未核实,80,70,110,558,,航司官网,—,low,0,,,按直线距离 2072 公里估算，非实录班次；具体车次与票价请查 12306 或航司
R485,杭州,犍为嘉阳小火车,飞机(估),—,,,295,1223,2242,未核实,80,70,110,555,,航司官网,—,low,0,,,按直线距离 2038 公里估算，非实录班次；具体车次与票价请查 12306 或航司
R486,杭州,韩城党家村,飞机(估),—,,,240,838,1537,未核实,80,70,110,500,,航司官网,—,low,0,,,按直线距离 1397 公里估算，非实录班次；具体车次与票价请查 12306 或航司
R487,杭州,莫干山,高铁(估),—,,,16,22,38,未核实,40,35,30,121,,12306,—,low,0,,,按直线距离 55 公里估算，非实录班次；具体车次与票价请查 12306 或航司
R488,杭州,汉中,飞机(估),—,,,263,998,1830,未核实,80,70,110,523,,航司官网,—,low,0,,,按直线距离 1664 公里估算，非实录班次；具体车次与票价请查 12306 或航司
R489,杭州,苏州,高铁(估),—,,,47,63,110,未核实,40,35,30,152,,12306,—,low,0,,,按直线距离 157 公里估算，非实录班次；具体车次与票价请查 12306 或航司
R490,杭州,南京,高铁(估),—,,,92,123,216,未核实,40,35,30,197,,12306,—,low,0,,,按直线距离 308 公里估算，非实录班次；具体车次与票价请查 12306 或航司
R491,杭州,绍兴,高铁(估),—,,,20,26,46,未核实,40,35,30,125,,12306,—,low,0,,,按直线距离 66 公里估算，非实录班次；具体车次与票价请查 12306 或航司
R492,杭州,乌镇西栅,高铁(估),—,,,24,32,56,未核实,40,35,30,129,,12306,—,low,0,,,按直线距离 80 公里估算，非实录班次；具体车次与票价请查 12306 或航司
R493,杭州,西塘,高铁(估),—,,,40,53,93,未核实,40,35,30,145,,12306,—,low,0,,,按直线距离 133 公里估算，非实录班次；具体车次与票价请查 12306 或航司
R494,杭州,无锡,高铁(估),—,,,53,71,124,未核实,40,35,30,158,,12306,—,low,0,,,按直线距离 177 公里估算，非实录班次；具体车次与票价请查 12306 或航司
R495,杭州,扬州,高铁(估),—,,,96,128,224,未核实,40,35,30,201,,12306,—,low,0,,,按直线距离 320 公里估算，非实录班次；具体车次与票价请查 12306 或航司
R496,杭州,舟山嵊泗,高铁(估),—,,,88,118,206,未核实,40,35,30,193,,12306,—,low,0,,,按直线距离 294 公里估算，非实录班次；具体车次与票价请查 12306 或航司
R497,杭州,长沙,高铁(估),—,,,287,383,670,未核实,40,35,30,392,,12306,—,low,0,,,按直线距离 957 公里估算，非实录班次；具体车次与票价请查 12306 或航司
R498,杭州,张家界武陵源,飞机(估),—,,,225,733,1343,未核实,80,70,110,485,,航司官网,—,low,0,,,按直线距离 1221 公里估算，非实录班次；具体车次与票价请查 12306 或航司
R499,杭州,凤凰古城,飞机(估),—,,,238,825,1512,未核实,80,70,110,498,,航司官网,—,low,0,,,按直线距离 1374 公里估算，非实录班次；具体车次与票价请查 12306 或航司
R500,杭州,南岳衡山,高铁(估),—,,,311,414,725,未核实,40,35,30,416,,12306,—,low,0,,,按直线距离 1036 公里估算，非实录班次；具体车次与票价请查 12306 或航司
R501,杭州,郴州小东江,高铁(估),—,,,335,446,781,未核实,40,35,30,440,,12306,—,low,0,,,按直线距离 1115 公里估算，非实录班次；具体车次与票价请查 12306 或航司
R502,杭州,郴州高椅岭,高铁(估),—,,,330,439,769,未核实,40,35,30,435,,12306,—,low,0,,,按直线距离 1098 公里估算，非实录班次；具体车次与票价请查 12306 或航司
R503,杭州,乌鲁木齐,飞机(估),—,,,480,2518,4616,未核实,80,70,110,740,,航司官网,—,low,0,,,按直线距离 4197 公里估算，非实录班次；具体车次与票价请查 12306 或航司
R504,杭州,伊犁河谷,飞机(估),—,,,535,2902,5320,未核实,80,70,110,795,,航司官网,—,low,0,,,按直线距离 4836 公里估算，非实录班次；具体车次与票价请查 12306 或航司
R505,杭州,喀纳斯禾木,飞机(估),—,,,506,2701,4951,未核实,80,70,110,766,,航司官网,—,low,0,,,按直线距离 4501 公里估算，非实录班次；具体车次与票价请查 12306 或航司
R506,杭州,吐鲁番,飞机(估),—,,,463,2401,4402,未核实,80,70,110,723,,航司官网,—,low,0,,,按直线距离 4002 公里估算，非实录班次；具体车次与票价请查 12306 或航司
R507,杭州,喀什,飞机(估),—,,,578,3209,5882,未核实,80,70,110,838,,航司官网,—,low,0,,,按直线距离 5348 公里估算，非实录班次；具体车次与票价请查 12306 或航司
R508,杭州,独库公路,飞机(估),—,,,504,2690,4932,未核实,80,70,110,764,,航司官网,—,low,0,,,按直线距离 4483 公里估算，非实录班次；具体车次与票价请查 12306 或航司
R509,杭州,巴音布鲁克,飞机(估),—,,,507,2709,4967,未核实,80,70,110,767,,航司官网,—,low,0,,,按直线距离 4515 公里估算，非实录班次；具体车次与票价请查 12306 或航司
R510,杭州,稻城亚丁,飞机(估),—,,,334,1498,2747,未核实,80,70,110,594,,航司官网,—,low,0,,,按直线距离 2497 公里估算，非实录班次；具体车次与票价请查 12306 或航司
R511,杭州,四姑娘山,飞机(估),—,,,304,1288,2362,未核实,80,70,110,564,,航司官网,—,low,0,,,按直线距离 2147 公里估算，非实录班次；具体车次与票价请查 12306 或航司
R512,杭州,色达,飞机(估),—,,,331,1478,2709,未核实,80,70,110,591,,航司官网,—,low,0,,,按直线距离 2463 公里估算，非实录班次；具体车次与票价请查 12306 或航司
R513,杭州,新都桥,飞机(估),—,,,320,1399,2565,未核实,80,70,110,580,,航司官网,—,low,0,,,按直线距离 2332 公里估算，非实录班次；具体车次与票价请查 12306 或航司
R514,杭州,丹巴甲居藏寨,飞机(估),—,,,315,1364,2501,未核实,80,70,110,575,,航司官网,—,low,0,,,按直线距离 2274 公里估算，非实录班次；具体车次与票价请查 12306 或航司
R515,杭州,海螺沟,飞机(估),—,,,314,1355,2485,未核实,80,70,110,574,,航司官网,—,low,0,,,按直线距离 2259 公里估算，非实录班次；具体车次与票价请查 12306 或航司
R516,杭州,若尔盖花湖,飞机(估),—,,,306,1304,2391,未核实,80,70,110,566,,航司官网,—,low,0,,,按直线距离 2173 公里估算，非实录班次；具体车次与票价请查 12306 或航司
R517,杭州,承德避暑山庄,飞机(估),—,,,254,941,1724,未核实,80,70,110,514,,航司官网,—,low,0,,,按直线距离 1568 公里估算，非实录班次；具体车次与票价请查 12306 或航司
R518,杭州,北戴河,飞机(估),—,,,238,829,1520,未核实,80,70,110,498,,航司官网,—,low,0,,,按直线距离 1382 公里估算，非实录班次；具体车次与票价请查 12306 或航司
R519,杭州,古北水镇司马台,飞机(估),—,,,252,925,1696,未核实,80,70,110,512,,航司官网,—,low,0,,,按直线距离 1542 公里估算，非实录班次；具体车次与票价请查 12306 或航司
R520,杭州,邯郸,高铁(估),—,,,342,456,798,未核实,40,35,30,447,,12306,—,low,0,,,按直线距离 1140 公里估算，非实录班次；具体车次与票价请查 12306 或航司
R521,杭州,安阳殷墟,高铁(估),—,,,331,441,771,未核实,40,35,30,436,,12306,—,low,0,,,按直线距离 1102 公里估算，非实录班次；具体车次与票价请查 12306 或航司
R522,杭州,林州太行大峡谷,高铁(估),—,,,343,457,800,未核实,40,35,30,448,,12306,—,low,0,,,按直线距离 1143 公里估算，非实录班次；具体车次与票价请查 12306 或航司
R523,杭州,正定古城,飞机(估),—,,,233,791,1451,未核实,80,70,110,493,,航司官网,—,low,0,,,按直线距离 1319 公里估算，非实录班次；具体车次与票价请查 12306 或航司
R524,杭州,平遥古城,飞机(估),—,,,244,868,1590,未核实,80,70,110,504,,航司官网,—,low,0,,,按直线距离 1446 公里估算，非实录班次；具体车次与票价请查 12306 或航司
R525,杭州,大同云冈,飞机(估),—,,,260,978,1794,未核实,80,70,110,520,,航司官网,—,low,0,,,按直线距离 1631 公里估算，非实录班次；具体车次与票价请查 12306 或航司
R526,杭州,洛阳,高铁(估),—,,,339,452,791,未核实,40,35,30,444,,12306,—,low,0,,,按直线距离 1130 公里估算，非实录班次；具体车次与票价请查 12306 或航司
R527,杭州,开封,高铁(估),—,,,290,387,677,未核实,40,35,30,395,,12306,—,low,0,,,按直线距离 967 公里估算，非实录班次；具体车次与票价请查 12306 或航司
R528,杭州,青岛,高铁(估),—,,,251,335,586,未核实,40,35,30,356,,12306,—,low,0,,,按直线距离 838 公里估算，非实录班次；具体车次与票价请查 12306 或航司
R529,杭州,泰山,高铁(估),—,,,282,376,658,未核实,40,35,30,387,,12306,—,low,0,,,按直线距离 939 公里估算，非实录班次；具体车次与票价请查 12306 或航司
R530,杭州,泉州,高铁(估),—,,,241,321,562,未核实,40,35,30,346,,12306,—,low,0,,,按直线距离 803 公里估算，非实录班次；具体车次与票价请查 12306 或航司
R531,杭州,大理,飞机(估),—,,,345,1574,2886,未核实,80,70,110,605,,航司官网,—,low,0,,,按直线距离 2624 公里估算，非实录班次；具体车次与票价请查 12306 或航司
R532,杭州,丽江香格里拉,飞机(估),—,,,341,1544,2831,未核实,80,70,110,601,,航司官网,—,low,0,,,按直线距离 2573 公里估算，非实录班次；具体车次与票价请查 12306 或航司
R533,杭州,贵州黄果树荔波,飞机(估),—,,,287,1167,2139,未核实,80,70,110,547,,航司官网,—,low,0,,,按直线距离 1945 公里估算，非实录班次；具体车次与票价请查 12306 或航司
R534,杭州,桂林阳朔,飞机(估),—,,,245,872,1598,未核实,80,70,110,505,,航司官网,—,low,0,,,按直线距离 1453 公里估算，非实录班次；具体车次与票价请查 12306 或航司
R535,杭州,敦煌,飞机(估),—,,,404,1989,3647,未核实,80,70,110,664,,航司官网,—,low,0,,,按直线距离 3316 公里估算，非实录班次；具体车次与票价请查 12306 或航司
R536,杭州,青海湖茶卡,飞机(估),—,,,342,1551,2844,未核实,80,70,110,602,,航司官网,—,low,0,,,按直线距离 2585 公里估算，非实录班次；具体车次与票价请查 12306 或航司
R537,杭州,张掖七彩丹霞,飞机(估),—,,,347,1590,2914,未核实,80,70,110,607,,航司官网,—,low,0,,,按直线距离 2649 公里估算，非实录班次；具体车次与票价请查 12306 或航司
R538,杭州,拉萨,飞机(估),—,,,430,2173,3983,未核实,80,70,110,690,,航司官网,—,low,0,,,按直线距离 3621 公里估算，非实录班次；具体车次与票价请查 12306 或航司
R539,杭州,哈尔滨,飞机(估),—,,,322,1414,2593,未核实,80,70,110,582,,航司官网,—,low,0,,,按直线距离 2357 公里估算，非实录班次；具体车次与票价请查 12306 或航司
R540,杭州,呼伦贝尔,飞机(估),—,,,355,1643,3012,未核实,80,70,110,615,,航司官网,—,low,0,,,按直线距离 2738 公里估算，非实录班次；具体车次与票价请查 12306 或航司
R541,杭州,三亚,飞机(估),—,,,311,1338,2453,未核实,80,70,110,571,,航司官网,—,low,0,,,按直线距离 2230 公里估算，非实录班次；具体车次与票价请查 12306 或航司
R542,杭州,广州,飞机(估),—,,,237,818,1499,未核实,80,70,110,497,,航司官网,—,low,0,,,按直线距离 1363 公里估算，非实录班次；具体车次与票价请查 12306 或航司
R543,杭州,潮汕,高铁(估),—,,,329,438,767,未核实,40,35,30,434,,12306,—,low,0,,,按直线距离 1096 公里估算，非实录班次；具体车次与票价请查 12306 或航司
R544,杭州,武夷山,高铁(估),—,,,136,181,317,未核实,40,35,30,241,,12306,—,low,0,,,按直线距离 453 公里估算，非实录班次；具体车次与票价请查 12306 或航司
R545,杭州,天津,飞机(估),—,,,233,792,1453,未核实,80,70,110,493,,航司官网,—,low,0,,,按直线距离 1321 公里估算，非实录班次；具体车次与票价请查 12306 或航司
R546,杭州,太原,飞机(估),—,,,242,855,1568,未核实,80,70,110,502,,航司官网,—,low,0,,,按直线距离 1425 公里估算，非实录班次；具体车次与票价请查 12306 或航司
R547,杭州,武汉,高铁(估),—,,,219,292,511,未核实,40,35,30,324,,12306,—,low,0,,,按直线距离 730 公里估算，非实录班次；具体车次与票价请查 12306 或航司
R548,杭州,济南,高铁(估),—,,,297,397,694,未核实,40,35,30,402,,12306,—,low,0,,,按直线距离 992 公里估算，非实录班次；具体车次与票价请查 12306 或航司
R549,杭州,深圳,飞机(估),—,,,237,821,1504,未核实,80,70,110,497,,航司官网,—,low,0,,,按直线距离 1368 公里估算，非实录班次；具体车次与票价请查 12306 或航司
R550,杭州,福州,高铁(估),—,,,185,247,432,未核实,40,35,30,290,,12306,—,low,0,,,按直线距离 617 公里估算，非实录班次；具体车次与票价请查 12306 或航司
R551,杭州,郑州,高铁(估),—,,,308,410,718,未核实,40,35,30,413,,12306,—,low,0,,,按直线距离 1025 公里估算，非实录班次；具体车次与票价请查 12306 或航司
R552,杭州,乐山,飞机(估),—,,,296,1233,2260,未核实,80,70,110,556,,航司官网,—,low,0,,,按直线距离 2054 公里估算，非实录班次；具体车次与票价请查 12306 或航司
R553,杭州,石家庄,飞机(估),—,,,232,786,1440,未核实,80,70,110,492,,航司官网,—,low,0,,,按直线距离 1309 公里估算，非实录班次；具体车次与票价请查 12306 或航司
R554,杭州,南昌,高铁(估),—,,,176,235,411,未核实,40,35,30,281,,12306,—,low,0,,,按直线距离 588 公里估算，非实录班次；具体车次与票价请查 12306 或航司
R555,杭州,婺源,高铁(估),—,,,97,130,227,未核实,40,35,30,202,,12306,—,low,0,,,按直线距离 324 公里估算，非实录班次；具体车次与票价请查 12306 或航司
R556,杭州,庐山,高铁(估),—,,,160,213,372,未核实,40,35,30,265,,12306,—,low,0,,,按直线距离 532 公里估算，非实录班次；具体车次与票价请查 12306 或航司
R557,杭州,景德镇,高铁(估),—,,,120,160,281,未核实,40,35,30,225,,12306,—,low,0,,,按直线距离 401 公里估算，非实录班次；具体车次与票价请查 12306 或航司
R558,杭州,三清山,高铁(估),—,,,99,131,230,未核实,40,35,30,204,,12306,—,low,0,,,按直线距离 328 公里估算，非实录班次；具体车次与票价请查 12306 或航司
R559,杭州,定州,飞机(估),—,,,235,804,1475,未核实,80,70,110,495,,航司官网,—,low,0,,,按直线距离 1341 公里估算，非实录班次；具体车次与票价请查 12306 或航司
R560,杭州,乐山大佛,飞机(估),—,,,296,1232,2259,未核实,80,70,110,556,,航司官网,—,low,0,,,按直线距离 2054 公里估算，非实录班次；具体车次与票价请查 12306 或航司
R561,杭州,峨眉山,飞机(估),—,,,301,1265,2319,未核实,80,70,110,561,,航司官网,—,low,0,,,按直线距离 2108 公里估算，非实录班次；具体车次与票价请查 12306 或航司
R562,杭州,宏村西递,高铁(估),—,,,83,111,193,未核实,40,35,30,188,,12306,—,low,0,,,按直线距离 276 公里估算，非实录班次；具体车次与票价请查 12306 或航司
R563,杭州,曲阜三孔,高铁(估),—,,,258,344,602,未核实,40,35,30,363,,12306,—,low,0,,,按直线距离 860 公里估算，非实录班次；具体车次与票价请查 12306 或航司
R564,杭州,五台山,飞机(估),—,,,247,890,1631,未核实,80,70,110,507,,航司官网,—,low,0,,,按直线距离 1483 公里估算，非实录班次；具体车次与票价请查 12306 或航司
R565,杭州,武当山,高铁(估),—,,,351,468,819,未核实,40,35,30,456,,12306,—,low,0,,,按直线距离 1170 公里估算，非实录班次；具体车次与票价请查 12306 或航司
R566,杭州,恩施大峡谷,飞机(估),—,,,234,799,1464,未核实,80,70,110,494,,航司官网,—,low,0,,,按直线距离 1331 公里估算，非实录班次；具体车次与票价请查 12306 或航司
R567,杭州,长白山,飞机(估),—,,,285,1157,2120,未核实,80,70,110,545,,航司官网,—,low,0,,,按直线距离 1928 公里估算，非实录班次；具体车次与票价请查 12306 或航司
R568,杭州,大连,飞机(估),—,,,228,757,1387,未核实,80,70,110,488,,航司官网,—,low,0,,,按直线距离 1261 公里估算，非实录班次；具体车次与票价请查 12306 或航司
R569,杭州,银川沙坡头,飞机(估),—,,,299,1255,2302,未核实,80,70,110,559,,航司官网,—,low,0,,,按直线距离 2092 公里估算，非实录班次；具体车次与票价请查 12306 或航司
R570,杭州,西双版纳,飞机(估),—,,,358,1666,3054,未核实,80,70,110,618,,航司官网,—,low,0,,,按直线距离 2776 公里估算，非实录班次；具体车次与票价请查 12306 或航司
R571,杭州,泸沽湖,飞机(估),—,,,332,1484,2721,未核实,80,70,110,592,,航司官网,—,low,0,,,按直线距离 2474 公里估算，非实录班次；具体车次与票价请查 12306 或航司
R572,杭州,元阳梯田,飞机(估),—,,,332,1483,2719,未核实,80,70,110,592,,航司官网,—,low,0,,,按直线距离 2472 公里估算，非实录班次；具体车次与票价请查 12306 或航司
R573,杭州,北海涠洲岛,飞机(估),—,,,288,1176,2156,未核实,80,70,110,548,,航司官网,—,low,0,,,按直线距离 1960 公里估算，非实录班次；具体车次与票价请查 12306 或航司
R574,杭州,德天瀑布,飞机(估),—,,,295,1224,2243,未核实,80,70,110,555,,航司官网,—,low,0,,,按直线距离 2039 公里估算，非实录班次；具体车次与票价请查 12306 或航司
R575,杭州,普陀山,高铁(估),—,,,85,113,197,未核实,40,35,30,190,,12306,—,low,0,,,按直线距离 282 公里估算，非实录班次；具体车次与票价请查 12306 或航司
R576,杭州,云台山,高铁(估),—,,,332,442,774,未核实,40,35,30,437,,12306,—,low,0,,,按直线距离 1106 公里估算，非实录班次；具体车次与票价请查 12306 或航司
R577,杭州,井冈山,高铁(估),—,,,279,372,651,未核实,40,35,30,384,,12306,—,low,0,,,按直线距离 930 公里估算，非实录班次；具体车次与票价请查 12306 或航司
R578,广州,成都,飞机(估),—,,,258,965,1770,未核实,80,70,110,518,,航司官网,—,low,0,,,按直线距离 1609 公里估算，非实录班次；具体车次与票价请查 12306 或航司
R579,广州,西安,飞机(估),—,,,267,1026,1881,未核实,80,70,110,527,,航司官网,—,low,0,,,按直线距离 1710 公里估算，非实录班次；具体车次与票价请查 12306 或航司
R580,广州,杭州,飞机(估),—,,,237,818,1499,未核实,80,70,110,497,,航司官网,—,low,0,,,按直线距离 1363 公里估算，非实录班次；具体车次与票价请查 12306 或航司
R581,广州,重庆,飞机(估),—,,,229,764,1400,未核实,80,70,110,489,,航司官网,—,low,0,,,按直线距离 1273 公里估算，非实录班次；具体车次与票价请查 12306 或航司
R582,广州,都江堰青城山,飞机(估),—,,,264,1008,1849,未核实,80,70,110,524,,航司官网,—,low,0,,,按直线距离 1681 公里估算，非实录班次；具体车次与票价请查 12306 或航司
R583,广州,街子古镇,飞机(估),—,,,264,1010,1851,未核实,80,70,110,524,,航司官网,—,low,0,,,按直线距离 1683 公里估算，非实录班次；具体车次与票价请查 12306 或航司
R584,广州,犍为嘉阳小火车,飞机(估),—,,,248,896,1643,未核实,80,70,110,508,,航司官网,—,low,0,,,按直线距离 1493 公里估算，非实录班次；具体车次与票价请查 12306 或航司
R585,广州,韩城党家村,飞机(估),—,,,276,1092,2001,未核实,80,70,110,536,,航司官网,—,low,0,,,按直线距离 1819 公里估算，非实录班次；具体车次与票价请查 12306 或航司
R586,广州,莫干山,飞机(估),—,,,238,823,1509,未核实,80,70,110,498,,航司官网,—,low,0,,,按直线距离 1372 公里估算，非实录班次；具体车次与票价请查 12306 或航司
R587,广州,良渚古城遗址,飞机(估),—,,,237,817,1498,未核实,80,70,110,497,,航司官网,—,low,0,,,按直线距离 1362 公里估算，非实录班次；具体车次与票价请查 12306 或航司
R588,广州,桐庐富春江,飞机(估),—,,,229,763,1399,未核实,80,70,110,489,,航司官网,—,low,0,,,按直线距离 1272 公里估算，非实录班次；具体车次与票价请查 12306 或航司
R589,广州,汉中,飞机(估),—,,,261,985,1806,未核实,80,70,110,521,,航司官网,—,low,0,,,按直线距离 1641 公里估算，非实录班次；具体车次与票价请查 12306 或航司
R590,广州,上海,飞机(估),—,,,255,945,1733,未核实,80,70,110,515,,航司官网,—,low,0,,,按直线距离 1575 公里估算，非实录班次；具体车次与票价请查 12306 或航司
R591,广州,苏州,飞机(估),—,,,249,905,1660,未核实,80,70,110,509,,航司官网,—,low,0,,,按直线距离 1509 公里估算，非实录班次；具体车次与票价请查 12306 或航司
R592,广州,南京,飞机(估),—,,,246,883,1619,未核实,80,70,110,506,,航司官网,—,low,0,,,按直线距离 1472 公里估算，非实录班次；具体车次与票价请查 12306 或航司
R593,广州,绍兴,飞机(估),—,,,238,823,1508,未核实,80,70,110,498,,航司官网,—,low,0,,,按直线距离 1371 公里估算，非实录班次；具体车次与票价请查 12306 或航司
R594,广州,乌镇西栅,飞机(估),—,,,244,865,1585,未核实,80,70,110,504,,航司官网,—,low,0,,,按直线距离 1441 公里估算，非实录班次；具体车次与票价请查 12306 或航司
R595,广州,西塘,飞机(估),—,,,248,898,1645,未核实,80,70,110,508,,航司官网,—,low,0,,,按直线距离 1496 公里估算，非实录班次；具体车次与票价请查 12306 或航司
R596,广州,千岛湖,高铁(估),—,,,359,479,839,未核实,40,35,30,464,,12306,—,low,0,,,按直线距离 1198 公里估算，非实录班次；具体车次与票价请查 12306 或航司
R597,广州,无锡,飞机(估),—,,,249,906,1660,未核实,80,70,110,509,,航司官网,—,low,0,,,按直线距离 1509 公里估算，非实录班次；具体车次与票价请查 12306 或航司
R598,广州,扬州,飞机(估),—,,,253,931,1708,未核实,80,70,110,513,,航司官网,—,low,0,,,按直线距离 1552 公里估算，非实录班次；具体车次与票价请查 12306 或航司
R599,广州,舟山嵊泗,飞机(估),—,,,258,968,1776,未核实,80,70,110,518,,航司官网,—,low,0,,,按直线距离 1614 公里估算，非实录班次；具体车次与票价请查 12306 或航司
R600,广州,长沙,高铁(估),—,,,221,295,517,未核实,40,35,30,326,,12306,—,low,0,,,按直线距离 738 公里估算，非实录班次；具体车次与票价请查 12306 或航司
R601,广州,张家界武陵源,高铁(估),—,,,289,386,675,未核实,40,35,30,394,,12306,—,low,0,,,按直线距离 964 公里估算，非实录班次；具体车次与票价请查 12306 或航司
R602,广州,凤凰古城,高铁(估),—,,,253,338,591,未核实,40,35,30,358,,12306,—,low,0,,,按直线距离 845 公里估算，非实录班次；具体车次与票价请查 12306 或航司
R603,广州,南岳衡山,高铁(估),—,,,180,240,420,未核实,40,35,30,285,,12306,—,low,0,,,按直线距离 600 公里估算，非实录班次；具体车次与票价请查 12306 或航司
R604,广州,郴州小东江,高铁(估),—,,,116,155,271,未核实,40,35,30,221,,12306,—,low,0,,,按直线距离 387 公里估算，非实录班次；具体车次与票价请查 12306 或航司
R605,广州,郴州高椅岭,高铁(估),—,,,118,157,276,未核实,40,35,30,223,,12306,—,low,0,,,按直线距离 394 公里估算，非实录班次；具体车次与票价请查 12306 或航司
R606,广州,乌鲁木齐,飞机(估),—,,,486,2561,4696,未核实,80,70,110,746,,航司官网,—,low,0,,,按直线距离 4269 公里估算，非实录班次；具体车次与票价请查 12306 或航司
R607,广州,伊犁河谷,飞机(估),—,,,534,2899,5315,未核实,80,70,110,794,,航司官网,—,low,0,,,按直线距离 4832 公里估算，非实录班次；具体车次与票价请查 12306 或航司
R608,广州,喀纳斯禾木,飞机(估),—,,,528,2856,5235,未核实,80,70,110,788,,航司官网,—,low,0,,,按直线距离 4759 公里估算，非实录班次；具体车次与票价请查 12306 或航司
R609,广州,吐鲁番,飞机(估),—,,,468,2436,4467,未核实,80,70,110,728,,航司官网,—,low,0,,,按直线距离 4061 公里估算，非实录班次；具体车次与票价请查 12306 或航司
R610,广州,喀什,飞机(估),—,,,559,3075,5637,未核实,80,70,110,819,,航司官网,—,low,0,,,按直线距离 5125 公里估算，非实录班次；具体车次与票价请查 12306 或航司
R611,广州,独库公路,飞机(估),—,,,504,2686,4924,未核实,80,70,110,764,,航司官网,—,low,0,,,按直线距离 4476 公里估算，非实录班次；具体车次与票价请查 12306 或航司
R612,广州,巴音布鲁克,飞机(估),—,,,505,2698,4947,未核实,80,70,110,765,,航司官网,—,low,0,,,按直线距离 4497 公里估算，非实录班次；具体车次与票价请查 12306 或航司
R613,广州,稻城亚丁,飞机(估),—,,,282,1132,2076,未核实,80,70,110,542,,航司官网,—,low,0,,,按直线距离 1887 公里估算，非实录班次；具体车次与票价请查 12306 或航司
R614,广州,四姑娘山,飞机(估),—,,,271,1057,1938,未核实,80,70,110,531,,航司官网,—,low,0,,,按直线距离 1762 公里估算，非实录班次；具体车次与票价请查 12306 或航司
R615,广州,色达,飞机(估),—,,,301,1269,2326,未核实,80,70,110,561,,航司官网,—,low,0,,,按直线距离 2115 公里估算，非实录班次；具体车次与票价请查 12306 或航司
R616,广州,新都桥,飞机(估),—,,,276,1092,2003,未核实,80,70,110,536,,航司官网,—,low,0,,,按直线距离 1821 公里估算，非实录班次；具体车次与票价请查 12306 或航司
R617,广州,丹巴甲居藏寨,飞机(估),—,,,278,1106,2028,未核实,80,70,110,538,,航司官网,—,low,0,,,按直线距离 1843 公里估算，非实录班次；具体车次与票价请查 12306 或航司
R618,广州,海螺沟,飞机(估),—,,,267,1031,1890,未核实,80,70,110,527,,航司官网,—,low,0,,,按直线距离 1718 公里估算，非实录班次；具体车次与票价请查 12306 或航司
R619,广州,若尔盖花湖,飞机(估),—,,,292,1204,2207,未核实,80,70,110,552,,航司官网,—,low,0,,,按直线距离 2007 公里估算，非实录班次；具体车次与票价请查 12306 或航司
R620,广州,北京,飞机(估),—,,,330,1473,2701,未核实,80,70,110,590,,航司官网,—,low,0,,,按直线距离 2455 公里估算，非实录班次；具体车次与票价请查 12306 或航司
R621,广州,承德避暑山庄,飞机(估),—,,,346,1584,2905,未核实,80,70,110,606,,航司官网,—,low,0,,,按直线距离 2641 公里估算，非实录班次；具体车次与票价请查 12306 或航司
R622,广州,北戴河,飞机(估),—,,,337,1518,2783,未核实,80,70,110,597,,航司官网,—,low,0,,,按直线距离 2530 公里估算，非实录班次；具体车次与票价请查 12306 或航司
R623,广州,古北水镇司马台,飞机(估),—,,,341,1547,2836,未核实,80,70,110,601,,航司官网,—,low,0,,,按直线距离 2578 公里估算，非实录班次；具体车次与票价请查 12306 或航司
R624,广州,邯郸,飞机(估),—,,,288,1174,2153,未核实,80,70,110,548,,航司官网,—,low,0,,,按直线距离 1957 公里估算，非实录班次；具体车次与票价请查 12306 或航司
R625,广州,安阳殷墟,飞机(估),—,,,281,1130,2072,未核实,80,70,110,541,,航司官网,—,low,0,,,按直线距离 1884 公里估算，非实录班次；具体车次与票价请查 12306 或航司
R626,广州,林州太行大峡谷,飞机(估),—,,,280,1121,2055,未核实,80,70,110,540,,航司官网,—,low,0,,,按直线距离 1869 公里估算，非实录班次；具体车次与票价请查 12306 或航司
R627,广州,正定古城,飞机(估),—,,,307,1306,2395,未核实,80,70,110,567,,航司官网,—,low,0,,,按直线距离 2177 公里估算，非实录班次；具体车次与票价请查 12306 或航司
R628,广州,平遥古城,飞机(估),—,,,302,1274,2336,未核实,80,70,110,562,,航司官网,—,low,0,,,按直线距离 2123 公里估算，非实录班次；具体车次与票价请查 12306 或航司
R629,广州,大同云冈,飞机(估),—,,,330,1470,2695,未核实,80,70,110,590,,航司官网,—,low,0,,,按直线距离 2450 公里估算，非实录班次；具体车次与票价请查 12306 或航司
R630,广州,洛阳,飞机(估),—,,,263,999,1831,未核实,80,70,110,523,,航司官网,—,low,0,,,按直线距离 1664 公里估算，非实录班次；具体车次与票价请查 12306 或航司
R631,广州,开封,飞机(估),—,,,265,1015,1861,未核实,80,70,110,525,,航司官网,—,low,0,,,按直线距离 1692 公里估算，非实录班次；具体车次与票价请查 12306 或航司
R632,广州,青岛,飞机(估),—,,,298,1243,2279,未核实,80,70,110,558,,航司官网,—,low,0,,,按直线距离 2072 公里估算，非实录班次；具体车次与票价请查 12306 或航司
R633,广州,泰山,飞机(估),—,,,288,1174,2152,未核实,80,70,110,548,,航司官网,—,low,0,,,按直线距离 1956 公里估算，非实录班次；具体车次与票价请查 12306 或航司
R634,广州,泉州,高铁(估),—,,,227,303,530,未核实,40,35,30,332,,12306,—,low,0,,,按直线距离 758 公里估算，非实录班次；具体车次与票价请查 12306 或航司
R635,广州,大理,飞机(估),—,,,270,1049,1922,未核实,80,70,110,530,,航司官网,—,low,0,,,按直线距离 1748 公里估算，非实录班次；具体车次与票价请查 12306 或航司
R636,广州,丽江香格里拉,飞机(估),—,,,273,1074,1969,未核实,80,70,110,533,,航司官网,—,low,0,,,按直线距离 1790 公里估算，非实录班次；具体车次与票价请查 12306 或航司
R637,广州,贵州黄果树荔波,高铁(估),—,,,324,432,755,未核实,40,35,30,429,,12306,—,low,0,,,按直线距离 1079 公里估算，非实录班次；具体车次与票价请查 12306 或航司
R638,广州,敦煌,飞机(估),—,,,407,2007,3680,未核实,80,70,110,667,,航司官网,—,low,0,,,按直线距离 3346 公里估算，非实录班次；具体车次与票价请查 12306 或航司
R639,广州,青海湖茶卡,飞机(估),—,,,340,1543,2830,未核实,80,70,110,600,,航司官网,—,low,0,,,按直线距离 2572 公里估算，非实录班次；具体车次与票价请查 12306 或航司
R640,广州,张掖七彩丹霞,飞机(估),—,,,358,1665,3052,未核实,80,70,110,618,,航司官网,—,low,0,,,按直线距离 2775 公里估算，非实录班次；具体车次与票价请查 12306 或航司
R641,广州,拉萨,飞机(估),—,,,378,1804,3307,未核实,80,70,110,638,,航司官网,—,low,0,,,按直线距离 3006 公里估算，非实录班次；具体车次与票价请查 12306 或航司
R642,广州,哈尔滨,飞机(估),—,,,431,2177,3991,未核实,80,70,110,691,,航司官网,—,low,0,,,按直线距离 3628 公里估算，非实录班次；具体车次与票价请查 12306 或航司
R643,广州,呼伦贝尔,飞机(估),—,,,449,2305,4227,未核实,80,70,110,709,,航司官网,—,low,0,,,按直线距离 3842 公里估算，非实录班次；具体车次与票价请查 12306 或航司
R644,广州,三亚,高铁(估),—,,,261,347,608,未核实,40,35,30,366,,12306,—,low,0,,,按直线距离 868 公里估算，非实录班次；具体车次与票价请查 12306 或航司
R645,广州,潮汕,高铁(估),—,,,137,182,319,未核实,40,35,30,242,,12306,—,low,0,,,按直线距离 455 公里估算，非实录班次；具体车次与票价请查 12306 或航司
R646,广州,武夷山,高铁(估),—,,,274,365,639,未核实,40,35,30,379,,12306,—,low,0,,,按直线距离 913 公里估算，非实录班次；具体车次与票价请查 12306 或航司
R647,广州,天津,飞机(估),—,,,322,1414,2592,未核实,80,70,110,582,,航司官网,—,low,0,,,按直线距离 2357 公里估算，非实录班次；具体车次与票价请查 12306 或航司
R648,广州,太原,飞机(估),—,,,303,1280,2346,未核实,80,70,110,563,,航司官网,—,low,0,,,按直线距离 2133 公里估算，非实录班次；具体车次与票价请查 12306 或航司
R649,广州,武汉,高铁(估),—,,,326,435,761,未核实,40,35,30,431,,12306,—,low,0,,,按直线距离 1087 公里估算，非实录班次；具体车次与票价请查 12306 或航司
R650,广州,济南,飞机(估),—,,,293,1208,2214,未核实,80,70,110,553,,航司官网,—,low,0,,,按直线距离 2013 公里估算，非实录班次；具体车次与票价请查 12306 或航司
R651,广州,福州,高铁(估),—,,,270,360,630,未核实,40,35,30,375,,12306,—,low,0,,,按直线距离 900 公里估算，非实录班次；具体车次与票价请查 12306 或航司
R652,广州,郑州,飞机(估),—,,,264,1008,1848,未核实,80,70,110,524,,航司官网,—,low,0,,,按直线距离 1680 公里估算，非实录班次；具体车次与票价请查 12306 或航司
R653,广州,黄山,高铁(估),—,,,358,478,836,未核实,40,35,30,463,,12306,—,low,0,,,按直线距离 1194 公里估算，非实录班次；具体车次与票价请查 12306 或航司
R654,广州,乐山,飞机(估),—,,,252,924,1694,未核实,80,70,110,512,,航司官网,—,low,0,,,按直线距离 1540 公里估算，非实录班次；具体车次与票价请查 12306 或航司
R655,广州,石家庄,飞机(估),—,,,305,1297,2378,未核实,80,70,110,565,,航司官网,—,low,0,,,按直线距离 2161 公里估算，非实录班次；具体车次与票价请查 12306 或航司
R656,广州,桐庐,飞机(估),—,,,229,763,1399,未核实,80,70,110,489,,航司官网,—,low,0,,,按直线距离 1272 公里估算，非实录班次；具体车次与票价请查 12306 或航司
R657,广州,德清,飞机(估),—,,,239,832,1525,未核实,80,70,110,499,,航司官网,—,low,0,,,按直线距离 1386 公里估算，非实录班次；具体车次与票价请查 12306 或航司
R658,广州,南昌,高铁(估),—,,,261,348,609,未核实,40,35,30,366,,12306,—,low,0,,,按直线距离 871 公里估算，非实录班次；具体车次与票价请查 12306 或航司
R659,广州,婺源,高铁(估),—,,,320,427,746,未核实,40,35,30,425,,12306,—,low,0,,,按直线距离 1066 公里估算，非实录班次；具体车次与票价请查 12306 或航司
R660,广州,庐山,高铁(估),—,,,298,398,696,未核实,40,35,30,403,,12306,—,low,0,,,按直线距离 994 公里估算，非实录班次；具体车次与票价请查 12306 或航司
R661,广州,景德镇,高铁(估),—,,,307,409,716,未核实,40,35,30,412,,12306,—,low,0,,,按直线距离 1022 公里估算，非实录班次；具体车次与票价请查 12306 或航司
R662,广州,三清山,高铁(估),—,,,313,417,730,未核实,40,35,30,418,,12306,—,low,0,,,按直线距离 1042 公里估算，非实录班次；具体车次与票价请查 12306 或航司
R663,广州,定州,飞机(估),—,,,312,1341,2458,未核实,80,70,110,572,,航司官网,—,low,0,,,按直线距离 2234 公里估算，非实录班次；具体车次与票价请查 12306 或航司
R664,广州,乐山大佛,飞机(估),—,,,252,923,1693,未核实,80,70,110,512,,航司官网,—,low,0,,,按直线距离 1539 公里估算，非实录班次；具体车次与票价请查 12306 或航司
R665,广州,峨眉山,飞机(估),—,,,256,949,1741,未核实,80,70,110,516,,航司官网,—,low,0,,,按直线距离 1582 公里估算，非实录班次；具体车次与票价请查 12306 或航司
R666,广州,宏村西递,高铁(估),—,,,346,462,808,未核实,40,35,30,451,,12306,—,low,0,,,按直线距离 1154 公里估算，非实录班次；具体车次与票价请查 12306 或航司
R667,广州,曲阜三孔,飞机(估),—,,,280,1117,2048,未核实,80,70,110,540,,航司官网,—,low,0,,,按直线距离 1862 公里估算，非实录班次；具体车次与票价请查 12306 或航司
R668,广州,五台山,飞机(估),—,,,317,1377,2525,未核实,80,70,110,577,,航司官网,—,low,0,,,按直线距离 2295 公里估算，非实录班次；具体车次与票价请查 12306 或航司
R669,广州,武当山,飞机(估),—,,,238,823,1508,未核实,80,70,110,498,,航司官网,—,low,0,,,按直线距离 1371 公里估算，非实录班次；具体车次与票价请查 12306 或航司
R670,广州,恩施大峡谷,高铁(估),—,,,353,471,824,未核实,40,35,30,458,,12306,—,low,0,,,按直线距离 1177 公里估算，非实录班次；具体车次与票价请查 12306 或航司
R671,广州,长白山,飞机(估),—,,,399,1955,3584,未核实,80,70,110,659,,航司官网,—,low,0,,,按直线距离 3258 公里估算，非实录班次；具体车次与票价请查 12306 或航司
R672,广州,大连,飞机(估),—,,,334,1501,2753,未核实,80,70,110,594,,航司官网,—,low,0,,,按直线距离 2502 公里估算，非实录班次；具体车次与票价请查 12306 或航司
R673,广州,银川沙坡头,飞机(估),—,,,319,1391,2549,未核实,80,70,110,579,,航司官网,—,low,0,,,按直线距离 2318 公里估算，非实录班次；具体车次与票价请查 12306 或航司
R674,广州,西双版纳,飞机(估),—,,,263,1003,1839,未核实,80,70,110,523,,航司官网,—,low,0,,,按直线距离 1672 公里估算，非实录班次；具体车次与票价请查 12306 或航司
R675,广州,泸沽湖,飞机(估),—,,,271,1054,1933,未核实,80,70,110,531,,航司官网,—,low,0,,,按直线距离 1757 公里估算，非实录班次；具体车次与票价请查 12306 或航司
R676,广州,元阳梯田,飞机(估),—,,,240,839,1537,未核实,80,70,110,500,,航司官网,—,low,0,,,按直线距离 1398 公里估算，非实录班次；具体车次与票价请查 12306 或航司
R677,广州,北海涠洲岛,高铁(估),—,,,190,253,442,未核实,40,35,30,295,,12306,—,low,0,,,按直线距离 632 公里估算，非实录班次；具体车次与票价请查 12306 或航司
R678,广州,德天瀑布,高铁(估),—,,,262,349,610,未核实,40,35,30,367,,12306,—,low,0,,,按直线距离 872 公里估算，非实录班次；具体车次与票价请查 12306 或航司
R679,广州,普陀山,飞机(估),—,,,252,925,1696,未核实,80,70,110,512,,航司官网,—,low,0,,,按直线距离 1542 公里估算，非实录班次；具体车次与票价请查 12306 或航司
R680,广州,云台山,飞机(估),—,,,272,1063,1950,未核实,80,70,110,532,,航司官网,—,low,0,,,按直线距离 1772 公里估算，非实录班次；具体车次与票价请查 12306 或航司
R681,广州,井冈山,高铁(估),—,,,153,205,358,未核实,40,35,30,258,,12306,—,low,0,,,按直线距离 511 公里估算，非实录班次；具体车次与票价请查 12306 或航司
R682,成都,西安,高铁(估),—,,,239,319,558,未核实,40,35,30,344,,12306,—,low,0,,,按直线距离 798 公里估算，非实录班次；具体车次与票价请查 12306 或航司
R683,成都,杭州,飞机(估),—,,,292,1202,2204,未核实,80,70,110,552,,航司官网,—,low,0,,,按直线距离 2004 公里估算，非实录班次；具体车次与票价请查 12306 或航司
R684,成都,犍为嘉阳小火车,高铁(估),—,,,63,84,147,未核实,40,35,30,168,,12306,—,low,0,,,按直线距离 210 公里估算，非实录班次；具体车次与票价请查 12306 或航司
R685,成都,韩城党家村,高铁(估),—,,,312,416,728,未核实,40,35,30,417,,12306,—,low,0,,,按直线距离 1040 公里估算，非实录班次；具体车次与票价请查 12306 或航司
R686,成都,莫干山,飞机(估),—,,,289,1180,2163,未核实,80,70,110,549,,航司官网,—,low,0,,,按直线距离 1966 公里估算，非实录班次；具体车次与票价请查 12306 或航司
R687,成都,良渚古城遗址,飞机(估),—,,,290,1189,2181,未核实,80,70,110,550,,航司官网,—,low,0,,,按直线距离 1982 公里估算，非实录班次；具体车次与票价请查 12306 或航司
R688,成都,桐庐富春江,飞机(估),—,,,287,1172,2149,未核实,80,70,110,547,,航司官网,—,low,0,,,按直线距离 1954 公里估算，非实录班次；具体车次与票价请查 12306 或航司
R689,成都,汉中,高铁(估),—,,,151,201,352,未核实,40,35,30,256,,12306,—,low,0,,,按直线距离 503 公里估算，非实录班次；具体车次与票价请查 12306 或航司
R690,成都,上海,飞机(估),—,,,305,1295,2374,未核实,80,70,110,565,,航司官网,—,low,0,,,按直线距离 2158 公里估算，非实录班次；具体车次与票价请查 12306 或航司
R691,成都,苏州,飞机(估),—,,,296,1229,2253,未核实,80,70,110,556,,航司官网,—,low,0,,,按直线距离 2048 公里估算，非实录班次；具体车次与票价请查 12306 或航司
R692,成都,南京,飞机(估),—,,,277,1097,2011,未核实,80,70,110,537,,航司官网,—,low,0,,,按直线距离 1828 公里估算，非实录班次；具体车次与票价请查 12306 或航司
R693,成都,绍兴,飞机(估),—,,,297,1237,2267,未核实,80,70,110,557,,航司官网,—,low,0,,,按直线距离 2061 公里估算，非实录班次；具体车次与票价请查 12306 或航司
R694,成都,乌镇西栅,飞机(估),—,,,295,1224,2244,未核实,80,70,110,555,,航司官网,—,low,0,,,按直线距离 2040 公里估算，非实录班次；具体车次与票价请查 12306 或航司
R695,成都,西塘,飞机(估),—,,,299,1253,2296,未核实,80,70,110,559,,航司官网,—,low,0,,,按直线距离 2088 公里估算，非实录班次；具体车次与票价请查 12306 或航司
R696,成都,千岛湖,飞机(估),—,,,281,1126,2065,未核实,80,70,110,541,,航司官网,—,low,0,,,按直线距离 1877 公里估算，非实录班次；具体车次与票价请查 12306 或航司
R697,成都,无锡,飞机(估),—,,,293,1208,2215,未核实,80,70,110,553,,航司官网,—,low,0,,,按直线距离 2013 公里估算，非实录班次；具体车次与票价请查 12306 或航司
R698,成都,扬州,飞机(估),—,,,283,1144,2097,未核实,80,70,110,543,,航司官网,—,low,0,,,按直线距离 1906 公里估算，非实录班次；具体车次与票价请查 12306 或航司
R699,成都,舟山嵊泗,飞机(估),—,,,316,1370,2512,未核实,80,70,110,576,,航司官网,—,low,0,,,按直线距离 2284 公里估算，非实录班次；具体车次与票价请查 12306 或航司
R700,成都,长沙,高铁(估),—,,,351,468,820,未核实,40,35,30,456,,12306,—,low,0,,,按直线距离 1171 公里估算，非实录班次；具体车次与票价请查 12306 或航司
R701,成都,张家界武陵源,高铁(估),—,,,248,331,578,未核实,40,35,30,353,,12306,—,low,0,,,按直线距离 826 公里估算，非实录班次；具体车次与票价请查 12306 或航司
R702,成都,凤凰古城,高铁(估),—,,,240,320,560,未核实,40,35,30,345,,12306,—,low,0,,,按直线距离 800 公里估算，非实录班次；具体车次与票价请查 12306 或航司
R703,成都,南岳衡山,飞机(估),—,,,223,721,1322,未核实,80,70,110,483,,航司官网,—,low,0,,,按直线距离 1202 公里估算，非实录班次；具体车次与票价请查 12306 或航司
R704,成都,郴州小东江,飞机(估),—,,,235,804,1474,未核实,80,70,110,495,,航司官网,—,low,0,,,按直线距离 1340 公里估算，非实录班次；具体车次与票价请查 12306 或航司
R705,成都,郴州高椅岭,飞机(估),—,,,236,809,1484,未核实,80,70,110,496,,航司官网,—,low,0,,,按直线距离 1349 公里估算，非实录班次；具体车次与票价请查 12306 或航司
R706,成都,乌鲁木齐,飞机(估),—,,,349,1605,2942,未核实,80,70,110,609,,航司官网,—,low,0,,,按直线距离 2674 公里估算，非实录班次；具体车次与票价请查 12306 或航司
R707,成都,伊犁河谷,飞机(估),—,,,396,1934,3546,未核实,80,70,110,656,,航司官网,—,low,0,,,按直线距离 3224 公里估算，非实录班次；具体车次与票价请查 12306 或航司
R708,成都,喀纳斯禾木,飞机(估),—,,,395,1926,3531,未核实,80,70,110,655,,航司官网,—,low,0,,,按直线距离 3210 公里估算，非实录班次；具体车次与票价请查 12306 或航司
R709,成都,吐鲁番,飞机(估),—,,,331,1480,2713,未核实,80,70,110,591,,航司官网,—,low,0,,,按直线距离 2467 公里估算，非实录班次；具体车次与票价请查 12306 或航司
R710,成都,喀什,飞机(估),—,,,423,2124,3893,未核实,80,70,110,683,,航司官网,—,low,0,,,按直线距离 3539 公里估算，非实录班次；具体车次与票价请查 12306 或航司
R711,成都,独库公路,飞机(估),—,,,366,1722,3157,未核实,80,70,110,626,,航司官网,—,low,0,,,按直线距离 2870 公里估算，非实录班次；具体车次与票价请查 12306 或航司
R712,成都,巴音布鲁克,飞机(估),—,,,368,1734,3179,未核实,80,70,110,628,,航司官网,—,low,0,,,按直线距离 2890 公里估算，非实录班次；具体车次与票价请查 12306 或航司
R713,成都,稻城亚丁,高铁(估),—,,,158,210,368,未核实,40,35,30,263,,12306,—,low,0,,,按直线距离 526 公里估算，非实录班次；具体车次与票价请查 12306 或航司
R714,成都,四姑娘山,高铁(估),—,,,48,64,111,未核实,40,35,30,153,,12306,—,low,0,,,按直线距离 159 公里估算，非实录班次；具体车次与票价请查 12306 或航司
R715,成都,色达,高铁(估),—,,,155,206,361,未核实,40,35,30,260,,12306,—,low,0,,,按直线距离 515 公里估算，非实录班次；具体车次与票价请查 12306 或航司
R716,成都,新都桥,高铁(估),—,,,100,134,234,未核实,40,35,30,205,,12306,—,low,0,,,按直线距离 334 公里估算，非实录班次；具体车次与票价请查 12306 或航司
R717,成都,丹巴甲居藏寨,高铁(估),—,,,82,109,191,未核实,40,35,30,187,,12306,—,low,0,,,按直线距离 273 公里估算，非实录班次；具体车次与票价请查 12306 或航司
R718,成都,海螺沟,高铁(估),—,,,86,115,202,未核实,40,35,30,191,,12306,—,low,0,,,按直线距离 288 公里估算，非实录班次；具体车次与票价请查 12306 或航司
R719,成都,若尔盖花湖,高铁(估),—,,,134,179,313,未核实,40,35,30,239,,12306,—,low,0,,,按直线距离 447 公里估算，非实录班次；具体车次与票价请查 12306 或航司
R720,成都,北京,飞机(估),—,,,289,1184,2170,未核实,80,70,110,549,,航司官网,—,low,0,,,按直线距离 1973 公里估算，非实录班次；具体车次与票价请查 12306 或航司
R721,成都,承德避暑山庄,飞机(估),—,,,309,1321,2421,未核实,80,70,110,569,,航司官网,—,low,0,,,按直线距离 2201 公里估算，非实录班次；具体车次与票价请查 12306 或航司
R722,成都,北戴河,飞机(估),—,,,313,1348,2471,未核实,80,70,110,573,,航司官网,—,low,0,,,按直线距离 2246 公里估算，非实录班次；具体车次与票价请查 12306 或航司
R723,成都,古北水镇司马台,飞机(估),—,,,301,1264,2317,未核实,80,70,110,561,,航司官网,—,low,0,,,按直线距离 2106 公里估算，非实录班次；具体车次与票价请查 12306 或航司
R724,成都,邯郸,飞机(估),—,,,251,915,1678,未核实,80,70,110,511,,航司官网,—,low,0,,,按直线距离 1526 公里估算，非实录班次；具体车次与票价请查 12306 或航司
R725,成都,安阳殷墟,飞机(估),—,,,246,880,1613,未核实,80,70,110,506,,航司官网,—,low,0,,,按直线距离 1467 公里估算，非实录班次；具体车次与票价请查 12306 或航司
R726,成都,林州太行大峡谷,飞机(估),—,,,240,840,1539,未核实,80,70,110,500,,航司官网,—,low,0,,,按直线距离 1399 公里估算，非实录班次；具体车次与票价请查 12306 或航司
R727,成都,正定古城,飞机(估),—,,,262,992,1819,未核实,80,70,110,522,,航司官网,—,low,0,,,按直线距离 1654 公里估算，非实录班次；具体车次与票价请查 12306 或航司
R728,成都,平遥古城,飞机(估),—,,,241,848,1555,未核实,80,70,110,501,,航司官网,—,low,0,,,按直线距离 1414 公里估算，非实录班次；具体车次与票价请查 12306 或航司
R729,成都,大同云冈,飞机(估),—,,,269,1045,1915,未核实,80,70,110,529,,航司官网,—,low,0,,,按直线距离 1741 公里估算，非实录班次；具体车次与票价请查 12306 或航司
R730,成都,洛阳,高铁(估),—,,,351,468,819,未核实,40,35,30,456,,12306,—,low,0,,,按直线距离 1170 公里估算，非实录班次；具体车次与票价请查 12306 或航司
R731,成都,开封,飞机(估),—,,,238,828,1519,未核实,80,70,110,498,,航司官网,—,low,0,,,按直线距离 1381 公里估算，非实录班次；具体车次与票价请查 12306 或航司
R732,成都,青岛,飞机(估),—,,,301,1270,2328,未核实,80,70,110,561,,航司官网,—,low,0,,,按直线距离 2116 公里估算，非实录班次；具体车次与票价请查 12306 或航司
R733,成都,泰山,飞机(估),—,,,271,1059,1942,未核实,80,70,110,531,,航司官网,—,low,0,,,按直线距离 1766 公里估算，非实录班次；具体车次与票价请查 12306 或航司
R734,成都,厦门,飞机(估),—,,,292,1203,2205,未核实,80,70,110,552,,航司官网,—,low,0,,,按直线距离 2005 公里估算，非实录班次；具体车次与票价请查 12306 或航司
R735,成都,泉州,飞机(估),—,,,295,1227,2250,未核实,80,70,110,555,,航司官网,—,low,0,,,按直线距离 2045 公里估算，非实录班次；具体车次与票价请查 12306 或航司
R736,成都,大理,高铁(估),—,,,263,350,613,未核实,40,35,30,368,,12306,—,low,0,,,按直线距离 876 公里估算，非实录班次；具体车次与票价请查 12306 或航司
R737,成都,丽江香格里拉,高铁(估),—,,,220,293,512,未核实,40,35,30,325,,12306,—,low,0,,,按直线距离 732 公里估算，非实录班次；具体车次与票价请查 12306 或航司
R738,成都,贵州黄果树荔波,高铁(估),—,,,212,282,494,未核实,40,35,30,317,,12306,—,low,0,,,按直线距离 706 公里估算，非实录班次；具体车次与票价请查 12306 或航司
R739,成都,桂林阳朔,高铁(估),—,,,334,445,779,未核实,40,35,30,439,,12306,—,low,0,,,按直线距离 1112 公里估算，非实录班次；具体车次与票价请查 12306 或航司
R740,成都,敦煌,飞机(估),—,,,271,1056,1936,未核实,80,70,110,531,,航司官网,—,low,0,,,按直线距离 1760 公里估算，非实录班次；具体车次与票价请查 12306 或航司
R741,成都,青海湖茶卡,高铁(估),—,,,304,406,710,未核实,40,35,30,409,,12306,—,low,0,,,按直线距离 1014 公里估算，非实录班次；具体车次与票价请查 12306 或航司
R742,成都,张掖七彩丹霞,飞机(估),—,,,229,762,1397,未核实,80,70,110,489,,航司官网,—,low,0,,,按直线距离 1270 公里估算，非实录班次；具体车次与票价请查 12306 或航司
R743,成都,哈尔滨,飞机(估),—,,,406,2004,3675,未核实,80,70,110,666,,航司官网,—,low,0,,,按直线距离 3341 公里估算，非实录班次；具体车次与票价请查 12306 或航司
R744,成都,呼伦贝尔,飞机(估),—,,,393,1910,3501,未核实,80,70,110,653,,航司官网,—,low,0,,,按直线距离 3183 公里估算，非实录班次；具体车次与票价请查 12306 或航司
R745,成都,三亚,飞机(估),—,,,285,1158,2124,未核实,80,70,110,545,,航司官网,—,low,0,,,按直线距离 1931 公里估算，非实录班次；具体车次与票价请查 12306 或航司
R746,成都,广州,飞机(估),—,,,258,965,1770,未核实,80,70,110,518,,航司官网,—,low,0,,,按直线距离 1609 公里估算，非实录班次；具体车次与票价请查 12306 或航司
R747,成都,潮汕,飞机(估),—,,,286,1162,2130,未核实,80,70,110,546,,航司官网,—,low,0,,,按直线距离 1936 公里估算，非实录班次；具体车次与票价请查 12306 或航司
R748,成都,武夷山,飞机(估),—,,,275,1086,1991,未核实,80,70,110,535,,航司官网,—,low,0,,,按直线距离 1810 公里估算，非实录班次；具体车次与票价请查 12306 或航司
R749,成都,天津,飞机(估),—,,,289,1184,2171,未核实,80,70,110,549,,航司官网,—,low,0,,,按直线距离 1974 公里估算，非实录班次；具体车次与票价请查 12306 或航司
R750,成都,太原,飞机(估),—,,,245,872,1598,未核实,80,70,110,505,,航司官网,—,low,0,,,按直线距离 1453 公里估算，非实录班次；具体车次与票价请查 12306 或航司
R751,成都,武汉,飞机(估),—,,,229,764,1401,未核实,80,70,110,489,,航司官网,—,low,0,,,按直线距离 1274 公里估算，非实录班次；具体车次与票价请查 12306 或航司
R752,成都,济南,飞机(估),—,,,274,1075,1971,未核实,80,70,110,534,,航司官网,—,low,0,,,按直线距离 1792 公里估算，非实录班次；具体车次与票价请查 12306 或航司
R753,成都,深圳,飞机(估),—,,,269,1046,1918,未核实,80,70,110,529,,航司官网,—,low,0,,,按直线距离 1743 公里估算，非实录班次；具体车次与票价请查 12306 或航司
R754,成都,福州,飞机(估),—,,,295,1227,2250,未核实,80,70,110,555,,航司官网,—,low,0,,,按直线距离 2046 公里估算，非实录班次；具体车次与票价请查 12306 或航司
R755,成都,郑州,飞机(估),—,,,232,782,1434,未核实,80,70,110,492,,航司官网,—,low,0,,,按直线距离 1304 公里估算，非实录班次；具体车次与票价请查 12306 或航司
R756,成都,黄山,飞机(估),—,,,271,1055,1935,未核实,80,70,110,531,,航司官网,—,low,0,,,按直线距离 1759 公里估算，非实录班次；具体车次与票价请查 12306 或航司
R757,成都,石家庄,飞机(估),—,,,261,984,1804,未核实,80,70,110,521,,航司官网,—,low,0,,,按直线距离 1640 公里估算，非实录班次；具体车次与票价请查 12306 或航司
R758,成都,桐庐,飞机(估),—,,,287,1172,2149,未核实,80,70,110,547,,航司官网,—,low,0,,,按直线距离 1954 公里估算，非实录班次；具体车次与票价请查 12306 或航司
R759,成都,德清,飞机(估),—,,,291,1195,2191,未核实,80,70,110,551,,航司官网,—,low,0,,,按直线距离 1992 公里估算，非实录班次；具体车次与票价请查 12306 或航司
R760,成都,南昌,飞机(估),—,,,249,905,1659,未核实,80,70,110,509,,航司官网,—,low,0,,,按直线距离 1508 公里估算，非实录班次；具体车次与票价请查 12306 或航司
R761,成都,婺源,飞机(估),—,,,269,1043,1913,未核实,80,70,110,529,,航司官网,—,low,0,,,按直线距离 1739 公里估算，非实录班次；具体车次与票价请查 12306 或航司
R762,成都,庐山,飞机(估),—,,,249,900,1649,未核实,80,70,110,509,,航司官网,—,low,0,,,按直线距离 1499 公里估算，非实录班次；具体车次与票价请查 12306 或航司
R763,成都,景德镇,飞机(估),—,,,262,992,1819,未核实,80,70,110,522,,航司官网,—,low,0,,,按直线距离 1654 公里估算，非实录班次；具体车次与票价请查 12306 或航司
R764,成都,三清山,飞机(估),—,,,272,1064,1951,未核实,80,70,110,532,,航司官网,—,low,0,,,按直线距离 1773 公里估算，非实录班次；具体车次与票价请查 12306 或航司
R765,成都,定州,飞机(估),—,,,268,1034,1896,未核实,80,70,110,528,,航司官网,—,low,0,,,按直线距离 1724 公里估算，非实录班次；具体车次与票价请查 12306 或航司
R766,成都,乐山大佛,高铁(估),—,,,50,66,116,未核实,40,35,30,155,,12306,—,low,0,,,按直线距离 165 公里估算，非实录班次；具体车次与票价请查 12306 或航司
R767,成都,峨眉山,高铁(估),—,,,56,75,132,未核实,40,35,30,161,,12306,—,low,0,,,按直线距离 188 公里估算，非实录班次；具体车次与票价请查 12306 或航司
R768,成都,宏村西递,飞机(估),—,,,269,1044,1914,未核实,80,70,110,529,,航司官网,—,low,0,,,按直线距离 1740 公里估算，非实录班次；具体车次与票价请查 12306 或航司
R769,成都,曲阜三孔,飞机(估),—,,,267,1031,1889,未核实,80,70,110,527,,航司官网,—,low,0,,,按直线距离 1718 公里估算，非实录班次；具体车次与票价请查 12306 或航司
R770,成都,五台山,飞机(估),—,,,262,991,1816,未核实,80,70,110,522,,航司官网,—,low,0,,,按直线距离 1651 公里估算，非实录班次；具体车次与票价请查 12306 或航司
R771,成都,武当山,高铁(估),—,,,267,356,624,未核实,40,35,30,372,,12306,—,low,0,,,按直线距离 891 公里估算，非实录班次；具体车次与票价请查 12306 或航司
R772,成都,恩施大峡谷,高铁(估),—,,,202,270,472,未核实,40,35,30,307,,12306,—,low,0,,,按直线距离 674 公里估算，非实录班次；具体车次与票价请查 12306 或航司
R773,成都,长白山,飞机(估),—,,,396,1934,3545,未核实,80,70,110,656,,航司官网,—,low,0,,,按直线距离 3223 公里估算，非实录班次；具体车次与票价请查 12306 或航司
R774,成都,大连,飞机(估),—,,,325,1437,2634,未核实,80,70,110,585,,航司官网,—,low,0,,,按直线距离 2395 公里估算，非实录班次；具体车次与票价请查 12306 或航司
R775,成都,银川沙坡头,高铁(估),—,,,299,399,698,未核实,40,35,30,404,,12306,—,low,0,,,按直线距离 997 公里估算，非实录班次；具体车次与票价请查 12306 或航司
R776,成都,西双版纳,飞机(估),—,,,233,792,1452,未核实,80,70,110,493,,航司官网,—,low,0,,,按直线距离 1320 公里估算，非实录班次；具体车次与票价请查 12306 或航司
R777,成都,泸沽湖,高铁(估),—,,,178,238,416,未核实,40,35,30,283,,12306,—,low,0,,,按直线距离 594 公里估算，非实录班次；具体车次与票价请查 12306 或航司
R778,成都,元阳梯田,高铁(估),—,,,332,442,774,未核实,40,35,30,437,,12306,—,low,0,,,按直线距离 1106 公里估算，非实录班次；具体车次与票价请查 12306 或航司
R779,成都,北海涠洲岛,飞机(估),—,,,252,923,1692,未核实,80,70,110,512,,航司官网,—,low,0,,,按直线距离 1538 公里估算，非实录班次；具体车次与票价请查 12306 或航司
R780,成都,德天瀑布,高铁(估),—,,,354,472,825,未核实,40,35,30,459,,12306,—,low,0,,,按直线距离 1179 公里估算，非实录班次；具体车次与票价请查 12306 或航司
R781,成都,普陀山,飞机(估),—,,,316,1372,2514,未核实,80,70,110,576,,航司官网,—,low,0,,,按直线距离 2286 公里估算，非实录班次；具体车次与票价请查 12306 或航司
R782,成都,云台山,飞机(估),—,,,233,791,1451,未核实,80,70,110,493,,航司官网,—,low,0,,,按直线距离 1319 公里估算，非实录班次；具体车次与票价请查 12306 或航司
R783,成都,井冈山,飞机(估),—,,,241,847,1553,未核实,80,70,110,501,,航司官网,—,low,0,,,按直线距离 1411 公里估算，非实录班次；具体车次与票价请查 12306 或航司
R784,西安,杭州,飞机(估),—,,,248,894,1639,未核实,80,70,110,508,,航司官网,—,low,0,,,按直线距离 1490 公里估算，非实录班次；具体车次与票价请查 12306 或航司
R785,西安,重庆,高铁(估),—,,,225,300,525,未核实,40,35,30,330,,12306,—,low,0,,,按直线距离 750 公里估算，非实录班次；具体车次与票价请查 12306 或航司
R786,西安,都江堰青城山,高铁(估),—,,,242,323,565,未核实,40,35,30,347,,12306,—,low,0,,,按直线距离 808 公里估算，非实录班次；具体车次与票价请查 12306 或航司
R787,西安,街子古镇,高铁(估),—,,,249,332,580,未核实,40,35,30,354,,12306,—,low,0,,,按直线距离 829 公里估算，非实录班次；具体车次与票价请查 12306 或航司
R788,西安,犍为嘉阳小火车,高铁(估),—,,,289,385,673,未核实,40,35,30,394,,12306,—,low,0,,,按直线距离 962 公里估算，非实录班次；具体车次与票价请查 12306 或航司
R789,西安,韩城党家村,高铁(估),—,,,73,97,169,未核实,40,35,30,178,,12306,—,low,0,,,按直线距离 242 公里估算，非实录班次；具体车次与票价请查 12306 或航司
R790,西安,莫干山,飞机(估),—,,,243,864,1585,未核实,80,70,110,503,,航司官网,—,low,0,,,按直线距离 1440 公里估算，非实录班次；具体车次与票价请查 12306 或航司
R791,西安,良渚古城遗址,飞机(估),—,,,246,879,1611,未核实,80,70,110,506,,航司官网,—,low,0,,,按直线距离 1464 公里估算，非实录班次；具体车次与票价请查 12306 或航司
R792,西安,桐庐富春江,飞机(估),—,,,246,882,1617,未核实,80,70,110,506,,航司官网,—,low,0,,,按直线距离 1470 公里估算，非实录班次；具体车次与票价请查 12306 或航司
R793,西安,汉中,高铁(估),—,,,88,118,206,未核实,40,35,30,193,,12306,—,low,0,,,按直线距离 295 公里估算，非实录班次；具体车次与票价请查 12306 或航司
R794,西安,上海,飞机(估),—,,,256,952,1746,未核实,80,70,110,516,,航司官网,—,low,0,,,按直线距离 1587 公里估算，非实录班次；具体车次与票价请查 12306 或航司
R795,西安,苏州,飞机(估),—,,,247,888,1628,未核实,80,70,110,507,,航司官网,—,low,0,,,按直线距离 1480 公里估算，非实录班次；具体车次与票价请查 12306 或航司
R796,西安,南京,飞机(估),—,,,226,742,1360,未核实,80,70,110,486,,航司官网,—,low,0,,,按直线距离 1236 公里估算，非实录班次；具体车次与票价请查 12306 或航司
R797,西安,绍兴,飞机(估),—,,,253,933,1711,未核实,80,70,110,513,,航司官网,—,low,0,,,按直线距离 1555 公里估算，非实录班次；具体车次与票价请查 12306 或航司
R798,西安,乌镇西栅,飞机(估),—,,,249,900,1649,未核实,80,70,110,509,,航司官网,—,low,0,,,按直线距离 1499 公里估算，非实录班次；具体车次与票价请查 12306 或航司
R799,西安,西塘,飞机(估),—,,,251,920,1687,未核实,80,70,110,511,,航司官网,—,low,0,,,按直线距离 1534 公里估算，非实录班次；具体车次与票价请查 12306 或航司
R800,西安,千岛湖,飞机(估),—,,,241,849,1556,未核实,80,70,110,501,,航司官网,—,low,0,,,按直线距离 1414 公里估算，非实录班次；具体车次与票价请查 12306 或航司
R801,西安,无锡,飞机(估),—,,,243,864,1583,未核实,80,70,110,503,,航司官网,—,low,0,,,按直线距离 1439 公里估算，非实录班次；具体车次与票价请查 12306 或航司
R802,西安,扬州,飞机(估),—,,,231,777,1424,未核实,80,70,110,491,,航司官网,—,low,0,,,按直线距离 1295 公里估算，非实录班次；具体车次与票价请查 12306 或航司
R803,西安,舟山嵊泗,飞机(估),—,,,268,1036,1899,未核实,80,70,110,528,,航司官网,—,low,0,,,按直线距离 1727 公里估算，非实录班次；具体车次与票价请查 12306 或航司
R804,西安,长沙,高铁(估),—,,,304,405,709,未核实,40,35,30,409,,12306,—,low,0,,,按直线距离 1012 公里估算，非实录班次；具体车次与票价请查 12306 或航司
R805,西安,张家界武陵源,高铁(估),—,,,225,300,526,未核实,40,35,30,330,,12306,—,low,0,,,按直线距离 751 公里估算，非实录班次；具体车次与票价请查 12306 或航司
R806,西安,凤凰古城,高铁(估),—,,,278,371,649,未核实,40,35,30,383,,12306,—,low,0,,,按直线距离 928 公里估算，非实录班次；具体车次与票价请查 12306 或航司
R807,西安,南岳衡山,高铁(估),—,,,338,451,789,未核实,40,35,30,443,,12306,—,low,0,,,按直线距离 1128 公里估算，非实录班次；具体车次与票价请查 12306 或航司
R808,西安,郴州小东江,飞机(估),—,,,235,802,1470,未核实,80,70,110,495,,航司官网,—,low,0,,,按直线距离 1336 公里估算，非实录班次；具体车次与票价请查 12306 或航司
R809,西安,郴州高椅岭,飞机(估),—,,,234,801,1469,未核实,80,70,110,494,,航司官网,—,low,0,,,按直线距离 1335 公里估算，非实录班次；具体车次与票价请查 12306 或航司
R810,西安,乌鲁木齐,飞机(估),—,,,355,1647,3020,未核实,80,70,110,615,,航司官网,—,low,0,,,按直线距离 2746 公里估算，非实录班次；具体车次与票价请查 12306 或航司
R811,西安,伊犁河谷,飞机(估),—,,,409,2023,3708,未核实,80,70,110,669,,航司官网,—,low,0,,,按直线距离 3371 公里估算，非实录班次；具体车次与票价请查 12306 或航司
R812,西安,喀纳斯禾木,飞机(估),—,,,389,1880,3446,未核实,80,70,110,649,,航司官网,—,low,0,,,按直线距离 3133 公里估算，非实录班次；具体车次与票价请查 12306 或航司
R813,西安,吐鲁番,飞机(估),—,,,338,1527,2799,未核实,80,70,110,598,,航司官网,—,low,0,,,按直线距离 2544 公里估算，非实录班次；具体车次与票价请查 12306 或航司
R814,西安,喀什,飞机(估),—,,,451,2315,4244,未核实,80,70,110,711,,航司官网,—,low,0,,,按直线距离 3858 公里估算，非实录班次；具体车次与票价请查 12306 或航司
R815,西安,独库公路,飞机(估),—,,,378,1809,3316,未核实,80,70,110,638,,航司官网,—,low,0,,,按直线距离 3014 公里估算，非实录班次；具体车次与票价请查 12306 或航司
R816,西安,巴音布鲁克,飞机(估),—,,,381,1826,3349,未核实,80,70,110,641,,航司官网,—,low,0,,,按直线距离 3044 公里估算，非实录班次；具体车次与票价请查 12306 或航司
R817,西安,稻城亚丁,飞机(估),—,,,232,785,1439,未核实,80,70,110,492,,航司官网,—,low,0,,,按直线距离 1308 公里估算，非实录班次；具体车次与票价请查 12306 或航司
R818,西安,四姑娘山,高铁(估),—,,,262,349,610,未核实,40,35,30,367,,12306,—,low,0,,,按直线距离 872 公里估算，非实录班次；具体车次与票价请查 12306 或航司
R819,西安,色达,高铁(估),—,,,325,433,757,未核实,40,35,30,430,,12306,—,low,0,,,按直线距离 1082 公里估算，非实录班次；具体车次与票价请查 12306 或航司
R820,西安,新都桥,高铁(估),—,,,331,441,772,未核实,40,35,30,436,,12306,—,low,0,,,按直线距离 1103 公里估算，非实录班次；具体车次与票价请查 12306 或航司
R821,西安,丹巴甲居藏寨,高铁(估),—,,,298,398,696,未核实,40,35,30,403,,12306,—,low,0,,,按直线距离 994 公里估算，非实录班次；具体车次与票价请查 12306 或航司
R822,西安,海螺沟,高铁(估),—,,,325,433,757,未核实,40,35,30,430,,12306,—,low,0,,,按直线距离 1082 公里估算，非实录班次；具体车次与票价请查 12306 或航司
R823,西安,若尔盖花湖,高铁(估),—,,,221,295,517,未核实,40,35,30,326,,12306,—,low,0,,,按直线距离 738 公里估算，非实录班次；具体车次与票价请查 12306 或航司
R824,西安,北京,高铁(估),—,,,353,471,824,未核实,40,35,30,458,,12306,—,low,0,,,按直线距离 1177 公里估算，非实录班次；具体车次与票价请查 12306 或航司
R825,西安,承德避暑山庄,飞机(估),—,,,240,843,1546,未核实,80,70,110,500,,航司官网,—,low,0,,,按直线距离 1405 公里估算，非实录班次；具体车次与票价请查 12306 或航司
R826,西安,北戴河,飞机(估),—,,,244,870,1595,未核实,80,70,110,504,,航司官网,—,low,0,,,按直线距离 1450 公里估算，非实录班次；具体车次与票价请查 12306 或航司
R827,西安,古北水镇司马台,飞机(估),—,,,232,787,1443,未核实,80,70,110,492,,航司官网,—,low,0,,,按直线距离 1311 公里估算，非实录班次；具体车次与票价请查 12306 或航司
R828,西安,邯郸,高铁(估),—,,,221,295,516,未核实,40,35,30,326,,12306,—,low,0,,,按直线距离 737 公里估算，非实录班次；具体车次与票价请查 12306 或航司
R829,西安,安阳殷墟,高铁(估),—,,,205,274,479,未核实,40,35,30,310,,12306,—,low,0,,,按直线距离 685 公里估算，非实录班次；具体车次与票价请查 12306 或航司
R830,西安,林州太行大峡谷,高铁(估),—,,,184,246,430,未核实,40,35,30,289,,12306,—,low,0,,,按直线距离 614 公里估算，非实录班次；具体车次与票价请查 12306 或航司
R831,西安,正定古城,高铁(估),—,,,257,342,599,未核实,40,35,30,362,,12306,—,low,0,,,按直线距离 856 公里估算，非实录班次；具体车次与票价请查 12306 或航司
R832,西安,平遥古城,高铁(估),—,,,188,250,438,未核实,40,35,30,293,,12306,—,low,0,,,按直线距离 625 公里估算，非实录班次；具体车次与票价请查 12306 或航司
R833,西安,大同云冈,高铁(估),—,,,291,388,678,未核实,40,35,30,396,,12306,—,low,0,,,按直线距离 969 公里估算，非实录班次；具体车次与票价请查 12306 或航司
R834,西安,洛阳,高铁(估),—,,,126,168,294,未核实,40,35,30,231,,12306,—,low,0,,,按直线距离 421 公里估算，非实录班次；具体车次与票价请查 12306 或航司
R835,西安,开封,高铁(估),—,,,193,257,450,未核实,40,35,30,298,,12306,—,low,0,,,按直线距离 642 公里估算，非实录班次；具体车次与票价请查 12306 或航司
R836,西安,青岛,飞机(估),—,,,238,824,1511,未核实,80,70,110,498,,航司官网,—,low,0,,,按直线距离 1374 公里估算，非实录班次；具体车次与票价请查 12306 或航司
R837,西安,泰山,高铁(估),—,,,300,400,701,未核实,40,35,30,405,,12306,—,low,0,,,按直线距离 1001 公里估算，非实录班次；具体车次与票价请查 12306 或航司
R838,西安,厦门,飞机(估),—,,,277,1099,2014,未核实,80,70,110,537,,航司官网,—,low,0,,,按直线距离 1831 公里估算，非实录班次；具体车次与票价请查 12306 或航司
R839,西安,泉州,飞机(估),—,,,277,1100,2017,未核实,80,70,110,537,,航司官网,—,low,0,,,按直线距离 1834 公里估算，非实录班次；具体车次与票价请查 12306 或航司
R840,西安,大理,飞机(估),—,,,263,998,1830,未核实,80,70,110,523,,航司官网,—,low,0,,,按直线距离 1664 公里估算，非实录班次；具体车次与票价请查 12306 或航司
R841,西安,丽江香格里拉,飞机(估),—,,,251,917,1681,未核实,80,70,110,511,,航司官网,—,low,0,,,按直线距离 1528 公里估算，非实录班次；具体车次与票价请查 12306 或航司
R842,西安,贵州黄果树荔波,飞机(估),—,,,229,765,1402,未核实,80,70,110,489,,航司官网,—,low,0,,,按直线距离 1274 公里估算，非实录班次；具体车次与票价请查 12306 或航司
R843,西安,桂林阳朔,飞机(估),—,,,233,793,1454,未核实,80,70,110,493,,航司官网,—,low,0,,,按直线距离 1322 公里估算，非实录班次；具体车次与票价请查 12306 或航司
R844,西安,敦煌,飞机(估),—,,,278,1105,2026,未核实,80,70,110,538,,航司官网,—,low,0,,,按直线距离 1842 公里估算，非实录班次；具体车次与票价请查 12306 或航司
R845,西安,青海湖茶卡,高铁(估),—,,,329,438,767,未核实,40,35,30,434,,12306,—,low,0,,,按直线距离 1096 公里估算，非实录班次；具体车次与票价请查 12306 或航司
R846,西安,张掖七彩丹霞,高铁(估),—,,,356,475,831,未核实,40,35,30,461,,12306,—,low,0,,,按直线距离 1186 公里估算，非实录班次；具体车次与票价请查 12306 或航司
R847,西安,哈尔滨,飞机(估),—,,,338,1527,2800,未核实,80,70,110,598,,航司官网,—,low,0,,,按直线距离 2546 公里估算，非实录班次；具体车次与票价请查 12306 或航司
R848,西安,呼伦贝尔,飞机(估),—,,,329,1464,2684,未核实,80,70,110,589,,航司官网,—,low,0,,,按直线距离 2440 公里估算，非实录班次；具体车次与票价请查 12306 或航司
R849,西安,三亚,飞机(估),—,,,319,1396,2560,未核实,80,70,110,579,,航司官网,—,low,0,,,按直线距离 2327 公里估算，非实录班次；具体车次与票价请查 12306 或航司
R850,西安,广州,飞机(估),—,,,267,1026,1881,未核实,80,70,110,527,,航司官网,—,low,0,,,按直线距离 1710 公里估算，非实录班次；具体车次与票价请查 12306 或航司
R851,西安,潮汕,飞机(估),—,,,280,1119,2051,未核实,80,70,110,540,,航司官网,—,low,0,,,按直线距离 1865 公里估算，非实录班次；具体车次与票价请查 12306 或航司
R852,西安,武夷山,飞机(估),—,,,246,884,1621,未核实,80,70,110,506,,航司官网,—,low,0,,,按直线距离 1474 公里估算，非实录班次；具体车次与票价请查 12306 或航司
R853,西安,天津,高铁(估),—,,,353,471,824,未核实,40,35,30,458,,12306,—,low,0,,,按直线距离 1177 公里估算，非实录班次；具体车次与票价请查 12306 或航司
R854,西安,太原,高铁(估),—,,,198,265,463,未核实,40,35,30,303,,12306,—,low,0,,,按直线距离 662 公里估算，非实录班次；具体车次与票价请查 12306 或航司
R855,西安,武汉,高铁(估),—,,,255,340,595,未核实,40,35,30,360,,12306,—,low,0,,,按直线距离 849 公里估算，非实录班次；具体车次与票价请查 12306 或航司
R856,西安,济南,高铁(估),—,,,306,407,713,未核实,40,35,30,411,,12306,—,low,0,,,按直线距离 1019 公里估算，非实录班次；具体车次与票价请查 12306 或航司
R857,西安,深圳,飞机(估),—,,,276,1095,2007,未核实,80,70,110,536,,航司官网,—,low,0,,,按直线距离 1825 公里估算，非实录班次；具体车次与票价请查 12306 或航司
R858,西安,福州,飞机(估),—,,,271,1056,1935,未核实,80,70,110,531,,航司官网,—,low,0,,,按直线距离 1759 公里估算，非实录班次；具体车次与票价请查 12306 或航司
R859,西安,郑州,高铁(估),—,,,168,224,393,未核实,40,35,30,273,,12306,—,low,0,,,按直线距离 561 公里估算，非实录班次；具体车次与票价请查 12306 或航司
R860,西安,黄山,飞机(估),—,,,230,769,1409,未核实,80,70,110,490,,航司官网,—,low,0,,,按直线距离 1281 公里估算，非实录班次；具体车次与票价请查 12306 或航司
R861,西安,乐山,高铁(估),—,,,282,376,657,未核实,40,35,30,387,,12306,—,low,0,,,按直线距离 939 公里估算，非实录班次；具体车次与票价请查 12306 或航司
R862,西安,石家庄,高铁(估),—,,,253,337,589,未核实,40,35,30,358,,12306,—,low,0,,,按直线距离 842 公里估算，非实录班次；具体车次与票价请查 12306 或航司
R863,西安,桐庐,飞机(估),—,,,246,882,1617,未核实,80,70,110,506,,航司官网,—,low,0,,,按直线距离 1470 公里估算，非实录班次；具体车次与票价请查 12306 或航司
R864,西安,德清,飞机(估),—,,,246,879,1612,未核实,80,70,110,506,,航司官网,—,low,0,,,按直线距离 1466 公里估算，非实录班次；具体车次与票价请查 12306 或航司
R865,西安,南昌,高铁(估),—,,,354,472,827,未核实,40,35,30,459,,12306,—,low,0,,,按直线距离 1181 公里估算，非实录班次；具体车次与票价请查 12306 或航司
R866,西安,婺源,飞机(估),—,,,233,792,1451,未核实,80,70,110,493,,航司官网,—,low,0,,,按直线距离 1320 公里估算，非实录班次；具体车次与票价请查 12306 或航司
R867,西安,庐山,高铁(估),—,,,332,443,775,未核实,40,35,30,437,,12306,—,low,0,,,按直线距离 1107 公里估算，非实录班次；具体车次与票价请查 12306 或航司
R868,西安,景德镇,飞机(估),—,,,227,749,1374,未核实,80,70,110,487,,航司官网,—,low,0,,,按直线距离 1249 公里估算，非实录班次；具体车次与票价请查 12306 或航司
R869,西安,三清山,飞机(估),—,,,237,822,1506,未核实,80,70,110,497,,航司官网,—,low,0,,,按直线距离 1369 公里估算，非实录班次；具体车次与票价请查 12306 或航司
R870,西安,定州,高铁(估),—,,,278,371,649,未核实,40,35,30,383,,12306,—,low,0,,,按直线距离 927 公里估算，非实录班次；具体车次与票价请查 12306 或航司
R871,西安,乐山大佛,高铁(估),—,,,282,376,657,未核实,40,35,30,387,,12306,—,low,0,,,按直线距离 939 公里估算，非实录班次；具体车次与票价请查 12306 或航司
R872,西安,峨眉山,高铁(估),—,,,294,391,685,未核实,40,35,30,399,,12306,—,low,0,,,按直线距离 979 公里估算，非实录班次；具体车次与票价请查 12306 或航司
R873,西安,宏村西递,飞机(估),—,,,230,767,1407,未核实,80,70,110,490,,航司官网,—,low,0,,,按直线距离 1279 公里估算，非实录班次；具体车次与票价请查 12306 或航司
R874,西安,曲阜三孔,高铁(估),—,,,291,388,679,未核实,40,35,30,396,,12306,—,low,0,,,按直线距离 970 公里估算，非实录班次；具体车次与票价请查 12306 或航司
R875,西安,五台山,高铁(估),—,,,259,345,604,未核实,40,35,30,364,,12306,—,low,0,,,按直线距离 863 公里估算，非实录班次；具体车次与票价请查 12306 或航司
R876,西安,武当山,高铁(估),—,,,113,150,263,未核实,40,35,30,218,,12306,—,low,0,,,按直线距离 375 公里估算，非实录班次；具体车次与票价请查 12306 或航司
R877,西安,恩施大峡谷,高铁(估),—,,,166,221,387,未核实,40,35,30,271,,12306,—,low,0,,,按直线距离 553 公里估算，非实录班次；具体车次与票价请查 12306 或航司
R878,西安,长白山,飞机(估),—,,,328,1458,2674,未核实,80,70,110,588,,航司官网,—,low,0,,,按直线距离 2431 公里估算，非实录班次；具体车次与票价请查 12306 或航司
R879,西安,大连,飞机(估),—,,,258,966,1771,未核实,80,70,110,518,,航司官网,—,low,0,,,按直线距离 1610 公里估算，非实录班次；具体车次与票价请查 12306 或航司
R880,西安,银川沙坡头,高铁(估),—,,,195,259,454,未核实,40,35,30,300,,12306,—,low,0,,,按直线距离 649 公里估算，非实录班次；具体车次与票价请查 12306 或航司
R881,西安,西双版纳,飞机(估),—,,,297,1237,2267,未核实,80,70,110,557,,航司官网,—,low,0,,,按直线距离 2061 公里估算，非实录班次；具体车次与票价请查 12306 或航司
R882,西安,泸沽湖,飞机(估),—,,,239,835,1531,未核实,80,70,110,499,,航司官网,—,low,0,,,按直线距离 1392 公里估算，非实录班次；具体车次与票价请查 12306 或航司
R883,西安,元阳梯田,飞机(估),—,,,275,1082,1984,未核实,80,70,110,535,,航司官网,—,low,0,,,按直线距离 1803 公里估算，非实录班次；具体车次与票价请查 12306 或航司
R884,西安,北海涠洲岛,飞机(估),—,,,285,1154,2115,未核实,80,70,110,545,,航司官网,—,low,0,,,按直线距离 1923 公里估算，非实录班次；具体车次与票价请查 12306 或航司
R885,西安,德天瀑布,飞机(估),—,,,264,1010,1852,未核实,80,70,110,524,,航司官网,—,low,0,,,按直线距离 1684 公里估算，非实录班次；具体车次与票价请查 12306 或航司
R886,西安,普陀山,飞机(估),—,,,271,1055,1935,未核实,80,70,110,531,,航司官网,—,low,0,,,按直线距离 1759 公里估算，非实录班次；具体车次与票价请查 12306 或航司
R887,西安,云台山,高铁(估),—,,,164,219,384,未核实,40,35,30,269,,12306,—,low,0,,,按直线距离 548 公里估算，非实录班次；具体车次与票价请查 12306 或航司
R888,西安,井冈山,飞机(估),—,,,231,779,1428,未核实,80,70,110,491,,航司官网,—,low,0,,,按直线距离 1298 公里估算，非实录班次；具体车次与票价请查 12306 或航司
R889,深圳,成都,飞机(估),—,,,269,1046,1918,未核实,80,70,110,529,,航司官网,—,low,0,,,按直线距离 1743 公里估算，非实录班次；具体车次与票价请查 12306 或航司
R890,深圳,西安,飞机(估),—,,,276,1095,2007,未核实,80,70,110,536,,航司官网,—,low,0,,,按直线距离 1825 公里估算，非实录班次；具体车次与票价请查 12306 或航司
R891,深圳,杭州,飞机(估),—,,,237,821,1504,未核实,80,70,110,497,,航司官网,—,low,0,,,按直线距离 1368 公里估算，非实录班次；具体车次与票价请查 12306 或航司
R892,深圳,重庆,飞机(估),—,,,241,844,1547,未核实,80,70,110,501,,航司官网,—,low,0,,,按直线距离 1406 公里估算，非实录班次；具体车次与票价请查 12306 或航司
R893,深圳,都江堰青城山,飞机(估),—,,,276,1089,1997,未核实,80,70,110,536,,航司官网,—,low,0,,,按直线距离 1816 公里估算，非实录班次；具体车次与票价请查 12306 或航司
R894,深圳,街子古镇,飞机(估),—,,,276,1091,1999,未核实,80,70,110,536,,航司官网,—,low,0,,,按直线距离 1818 公里估算，非实录班次；具体车次与票价请查 12306 或航司
R895,深圳,犍为嘉阳小火车,飞机(估),—,,,260,977,1792,未核实,80,70,110,520,,航司官网,—,low,0,,,按直线距离 1629 公里估算，非实录班次；具体车次与票价请查 12306 或航司
R896,深圳,韩城党家村,飞机(估),—,,,285,1154,2116,未核实,80,70,110,545,,航司官网,—,low,0,,,按直线距离 1924 公里估算，非实录班次；具体车次与票价请查 12306 或航司
R897,深圳,莫干山,飞机(估),—,,,239,830,1521,未核实,80,70,110,499,,航司官网,—,low,0,,,按直线距离 1383 公里估算，非实录班次；具体车次与票价请查 12306 或航司
R898,深圳,良渚古城遗址,飞机(估),—,,,237,822,1507,未核实,80,70,110,497,,航司官网,—,low,0,,,按直线距离 1370 公里估算，非实录班次；具体车次与票价请查 12306 或航司
R899,深圳,桐庐富春江,飞机(估),—,,,229,766,1404,未核实,80,70,110,489,,航司官网,—,low,0,,,按直线距离 1277 公里估算，非实录班次；具体车次与票价请查 12306 或航司
R900,深圳,汉中,飞机(估),—,,,271,1060,1943,未核实,80,70,110,531,,航司官网,—,low,0,,,按直线距离 1766 公里估算，非实录班次；具体车次与票价请查 12306 或航司
R901,深圳,上海,飞机(估),—,,,255,946,1735,未核实,80,70,110,515,,航司官网,—,low,0,,,按直线距离 1577 公里估算，非实录班次；具体车次与票价请查 12306 或航司
R902,深圳,苏州,飞机(估),—,,,250,911,1671,未核实,80,70,110,510,,航司官网,—,low,0,,,按直线距离 1519 公里估算，非实录班次；具体车次与票价请查 12306 或航司
R903,深圳,南京,飞机(估),—,,,249,902,1654,未核实,80,70,110,509,,航司官网,—,low,0,,,按直线距离 1504 公里估算，非实录班次；具体车次与票价请查 12306 或航司
R904,深圳,绍兴,飞机(估),—,,,237,822,1506,未核实,80,70,110,497,,航司官网,—,low,0,,,按直线距离 1370 公里估算，非实录班次；具体车次与票价请查 12306 或航司
R905,深圳,乌镇西栅,飞机(估),—,,,244,868,1592,未核实,80,70,110,504,,航司官网,—,low,0,,,按直线距离 1447 公里估算，非实录班次；具体车次与票价请查 12306 或航司
R906,深圳,西塘,飞机(估),—,,,249,900,1650,未核实,80,70,110,509,,航司官网,—,low,0,,,按直线距离 1500 公里估算，非实录班次；具体车次与票价请查 12306 或航司
R907,深圳,千岛湖,飞机(估),—,,,224,725,1329,未核实,80,70,110,484,,航司官网,—,low,0,,,按直线距离 1208 公里估算，非实录班次；具体车次与票价请查 12306 或航司
R908,深圳,无锡,飞机(估),—,,,251,914,1675,未核实,80,70,110,511,,航司官网,—,low,0,,,按直线距离 1523 公里估算，非实录班次；具体车次与票价请查 12306 或航司
R909,深圳,扬州,飞机(估),—,,,255,948,1738,未核实,80,70,110,515,,航司官网,—,low,0,,,按直线距离 1580 公里估算，非实录班次；具体车次与票价请查 12306 或航司
R910,深圳,舟山嵊泗,飞机(估),—,,,257,962,1764,未核实,80,70,110,517,,航司官网,—,low,0,,,按直线距离 1604 公里估算，非实录班次；具体车次与票价请查 12306 或航司
R911,深圳,长沙,高铁(估),—,,,250,334,584,未核实,40,35,30,355,,12306,—,low,0,,,按直线距离 835 公里估算，非实录班次；具体车次与票价请查 12306 或航司
R912,深圳,张家界武陵源,高铁(估),—,,,325,433,759,未核实,40,35,30,430,,12306,—,low,0,,,按直线距离 1084 公里估算，非实录班次；具体车次与票价请查 12306 或航司
R913,深圳,凤凰古城,高铁(估),—,,,292,390,682,未核实,40,35,30,397,,12306,—,low,0,,,按直线距离 975 公里估算，非实录班次；具体车次与票价请查 12306 或航司
R914,深圳,南岳衡山,高铁(估),—,,,211,281,492,未核实,40,35,30,316,,12306,—,low,0,,,按直线距离 703 公里估算，非实录班次；具体车次与票价请查 12306 或航司
R915,深圳,郴州小东江,高铁(估),—,,,147,196,343,未核实,40,35,30,252,,12306,—,low,0,,,按直线距离 490 公里估算，非实录班次；具体车次与票价请查 12306 或航司
R916,深圳,郴州高椅岭,高铁(估),—,,,148,197,345,未核实,40,35,30,253,,12306,—,low,0,,,按直线距离 493 公里估算，非实录班次；具体车次与票价请查 12306 或航司
R917,深圳,乌鲁木齐,飞机(估),—,,,497,2641,4841,未核实,80,70,110,757,,航司官网,—,low,0,,,按直线距离 4401 公里估算，非实录班次；具体车次与票价请查 12306 或航司
R918,深圳,伊犁河谷,飞机(估),—,,,546,2980,5463,未核实,80,70,110,806,,航司官网,—,low,0,,,按直线距离 4966 公里估算，非实录班次；具体车次与票价请查 12306 或航司
R919,深圳,喀纳斯禾木,飞机(估),—,,,539,2933,5376,未核实,80,70,110,799,,航司官网,—,low,0,,,按直线距离 4888 公里估算，非实录班次；具体车次与票价请查 12306 或航司
R920,深圳,吐鲁番,飞机(估),—,,,479,2516,4613,未核实,80,70,110,739,,航司官网,—,low,0,,,按直线距离 4193 公里估算，非实录班次；具体车次与票价请查 12306 或航司
R921,深圳,喀什,飞机(估),—,,,571,3156,5786,未核实,80,70,110,831,,航司官网,—,low,0,,,按直线距离 5260 公里估算，非实录班次；具体车次与票价请查 12306 或航司
R922,深圳,独库公路,飞机(估),—,,,515,2766,5071,未核实,80,70,110,775,,航司官网,—,low,0,,,按直线距离 4610 公里估算，非实录班次；具体车次与票价请查 12306 或航司
R923,深圳,巴音布鲁克,飞机(估),—,,,517,2779,5095,未核实,80,70,110,777,,航司官网,—,low,0,,,按直线距离 4632 公里估算，非实录班次；具体车次与票价请查 12306 或航司
R924,深圳,稻城亚丁,飞机(估),—,,,293,1213,2223,未核实,80,70,110,553,,航司官网,—,low,0,,,按直线距离 2021 公里估算，非实录班次；具体车次与票价请查 12306 或航司
R925,深圳,四姑娘山,飞机(估),—,,,283,1138,2086,未核实,80,70,110,543,,航司官网,—,low,0,,,按直线距离 1897 公里估算，非实录班次；具体车次与票价请查 12306 或航司
R926,深圳,色达,飞机(估),—,,,313,1350,2475,未核实,80,70,110,573,,航司官网,—,low,0,,,按直线距离 2250 公里估算，非实录班次；具体车次与票价请查 12306 或航司
R927,深圳,新都桥,飞机(估),—,,,288,1174,2152,未核实,80,70,110,548,,航司官网,—,low,0,,,按直线距离 1956 公里估算，非实录班次；具体车次与票价请查 12306 或航司
R928,深圳,丹巴甲居藏寨,飞机(估),—,,,290,1187,2177,未核实,80,70,110,550,,航司官网,—,low,0,,,按直线距离 1979 公里估算，非实录班次；具体车次与票价请查 12306 或航司
R929,深圳,海螺沟,飞机(估),—,,,279,1112,2038,未核实,80,70,110,539,,航司官网,—,low,0,,,按直线距离 1853 公里估算，非实录班次；具体车次与票价请查 12306 或航司
R930,深圳,若尔盖花湖,飞机(估),—,,,303,1284,2353,未核实,80,70,110,563,,航司官网,—,low,0,,,按直线距离 2139 公里估算，非实录班次；具体车次与票价请查 12306 或航司
R931,深圳,北京,飞机(估),—,,,337,1516,2779,未核实,80,70,110,597,,航司官网,—,low,0,,,按直线距离 2526 公里估算，非实录班次；具体车次与票价请查 12306 或航司
R932,深圳,承德避暑山庄,飞机(估),—,,,352,1623,2976,未核实,80,70,110,612,,航司官网,—,low,0,,,按直线距离 2705 公里估算，非实录班次；具体车次与票价请查 12306 或航司
R933,深圳,北戴河,飞机(估),—,,,342,1551,2843,未核实,80,70,110,602,,航司官网,—,low,0,,,按直线距离 2585 公里估算，非实录班次；具体车次与票价请查 12306 或航司
R934,深圳,古北水镇司马台,飞机(估),—,,,347,1588,2911,未核实,80,70,110,607,,航司官网,—,low,0,,,按直线距离 2646 公里估算，非实录班次；具体车次与票价请查 12306 或航司
R935,深圳,邯郸,飞机(估),—,,,295,1222,2240,未核实,80,70,110,555,,航司官网,—,low,0,,,按直线距离 2036 公里估算，非实录班次；具体车次与票价请查 12306 或航司
R936,深圳,安阳殷墟,飞机(估),—,,,288,1178,2160,未核实,80,70,110,548,,航司官网,—,low,0,,,按直线距离 1964 公里估算，非实录班次；具体车次与票价请查 12306 或航司
R937,深圳,林州太行大峡谷,飞机(估),—,,,287,1172,2148,未核实,80,70,110,547,,航司官网,—,low,0,,,按直线距离 1953 公里估算，非实录班次；具体车次与票价请查 12306 或航司
R938,深圳,正定古城,飞机(估),—,,,313,1354,2482,未核实,80,70,110,573,,航司官网,—,low,0,,,按直线距离 2256 公里估算，非实录班次；具体车次与票价请查 12306 或航司
R939,深圳,平遥古城,飞机(估),—,,,310,1330,2438,未核实,80,70,110,570,,航司官网,—,low,0,,,按直线距离 2216 公里估算，非实录班次；具体车次与票价请查 12306 或航司
R940,深圳,大同云冈,飞机(估),—,,,337,1522,2790,未核实,80,70,110,597,,航司官网,—,low,0,,,按直线距离 2536 公里估算，非实录班次；具体车次与票价请查 12306 或航司
R941,深圳,洛阳,飞机(估),—,,,271,1055,1933,未核实,80,70,110,531,,航司官网,—,low,0,,,按直线距离 1758 公里估算，非实录班次；具体车次与票价请查 12306 或航司
R942,深圳,开封,飞机(估),—,,,272,1063,1949,未核实,80,70,110,532,,航司官网,—,low,0,,,按直线距离 1772 公里估算，非实录班次；具体车次与票价请查 12306 或航司
R943,深圳,青岛,飞机(估),—,,,301,1266,2321,未核实,80,70,110,561,,航司官网,—,low,0,,,按直线距离 2110 公里估算，非实录班次；具体车次与票价请查 12306 或航司
R944,深圳,泰山,飞机(估),—,,,293,1211,2220,未核实,80,70,110,553,,航司官网,—,low,0,,,按直线距离 2018 公里估算，非实录班次；具体车次与票价请查 12306 或航司
R945,深圳,厦门,高铁(估),—,,,181,241,422,未核实,40,35,30,286,,12306,—,low,0,,,按直线距离 603 公里估算，非实录班次；具体车次与票价请查 12306 或航司
R946,深圳,泉州,高铁(估),—,,,209,279,488,未核实,40,35,30,314,,12306,—,low,0,,,按直线距离 698 公里估算，非实录班次；具体车次与票价请查 12306 或航司
R947,深圳,大理,飞机(估),—,,,280,1123,2059,未核实,80,70,110,540,,航司官网,—,low,0,,,按直线距离 1872 公里估算，非实录班次；具体车次与票价请查 12306 或航司
R948,深圳,丽江香格里拉,飞机(估),—,,,285,1152,2111,未核实,80,70,110,545,,航司官网,—,low,0,,,按直线距离 1919 公里估算，非实录班次；具体车次与票价请查 12306 或航司
R949,深圳,贵州黄果树荔波,飞机(估),—,,,224,726,1332,未核实,80,70,110,484,,航司官网,—,low,0,,,按直线距离 1211 公里估算，非实录班次；具体车次与票价请查 12306 或航司
R950,深圳,桂林阳朔,高铁(估),—,,,191,254,445,未核实,40,35,30,296,,12306,—,low,0,,,按直线距离 635 公里估算，非实录班次；具体车次与票价请查 12306 或航司
R951,深圳,敦煌,飞机(估),—,,,418,2087,3826,未核实,80,70,110,678,,航司官网,—,low,0,,,按直线距离 3478 公里估算，非实录班次；具体车次与票价请查 12306 或航司
R952,深圳,青海湖茶卡,飞机(估),—,,,352,1622,2974,未核实,80,70,110,612,,航司官网,—,low,0,,,按直线距离 2703 公里估算，非实录班次；具体车次与票价请查 12306 或航司
R953,深圳,张掖七彩丹霞,飞机(估),—,,,369,1742,3193,未核实,80,70,110,629,,航司官网,—,low,0,,,按直线距离 2903 公里估算，非实录班次；具体车次与票价请查 12306 或航司
R954,深圳,拉萨,飞机(估),—,,,389,1882,3451,未核实,80,70,110,649,,航司官网,—,low,0,,,按直线距离 3137 公里估算，非实录班次；具体车次与票价请查 12306 或航司
R955,深圳,哈尔滨,飞机(估),—,,,434,2201,4035,未核实,80,70,110,694,,航司官网,—,low,0,,,按直线距离 3668 公里估算，非实录班次；具体车次与票价请查 12306 或航司
R956,深圳,呼伦贝尔,飞机(估),—,,,455,2346,4301,未核实,80,70,110,715,,航司官网,—,low,0,,,按直线距离 3910 公里估算，非实录班次；具体车次与票价请查 12306 或航司
R957,深圳,三亚,高铁(估),—,,,262,350,612,未核实,40,35,30,367,,12306,—,low,0,,,按直线距离 874 公里估算，非实录班次；具体车次与票价请查 12306 或航司
R958,深圳,广州,高铁(估),—,,,41,54,95,未核实,40,35,30,146,,12306,—,low,0,,,按直线距离 135 公里估算，非实录班次；具体车次与票价请查 12306 或航司
R959,深圳,潮汕,高铁(估),—,,,111,147,258,未核实,40,35,30,216,,12306,—,low,0,,,按直线距离 368 公里估算，非实录班次；具体车次与票价请查 12306 或航司
R960,深圳,武夷山,高铁(估),—,,,274,366,640,未核实,40,35,30,379,,12306,—,low,0,,,按直线距离 915 公里估算，非实录班次；具体车次与票价请查 12306 或航司
R961,深圳,天津,飞机(估),—,,,328,1453,2664,未核实,80,70,110,588,,航司官网,—,low,0,,,按直线距离 2422 公里估算，非实录班次；具体车次与票价请查 12306 或航司
R962,深圳,太原,飞机(估),—,,,311,1334,2446,未核实,80,70,110,571,,航司官网,—,low,0,,,按直线距离 2224 公里估算，非实录班次；具体车次与票价请查 12306 或航司
R963,深圳,武汉,高铁(估),—,,,349,466,815,未核实,40,35,30,454,,12306,—,low,0,,,按直线距离 1164 公里估算，非实录班次；具体车次与票价请查 12306 或航司
R964,深圳,济南,飞机(估),—,,,298,1245,2283,未核实,80,70,110,558,,航司官网,—,low,0,,,按直线距离 2075 公里估算，非实录班次；具体车次与票价请查 12306 或航司
R965,深圳,福州,高铁(估),—,,,257,343,601,未核实,40,35,30,362,,12306,—,low,0,,,按直线距离 858 公里估算，非实录班次；具体车次与票价请查 12306 或航司
R966,深圳,郑州,飞机(估),—,,,271,1059,1941,未核实,80,70,110,531,,航司官网,—,low,0,,,按直线距离 1765 公里估算，非实录班次；具体车次与票价请查 12306 或航司
R967,深圳,黄山,飞机(估),—,,,225,732,1341,未核实,80,70,110,485,,航司官网,—,low,0,,,按直线距离 1219 公里估算，非实录班次；具体车次与票价请查 12306 或航司
R968,深圳,乐山,飞机(估),—,,,264,1006,1843,未核实,80,70,110,524,,航司官网,—,low,0,,,按直线距离 1676 公里估算，非实录班次；具体车次与票价请查 12306 或航司
R969,深圳,石家庄,飞机(估),—,,,312,1345,2465,未核实,80,70,110,572,,航司官网,—,low,0,,,按直线距离 2241 公里估算，非实录班次；具体车次与票价请查 12306 或航司
R970,深圳,桐庐,飞机(估),—,,,229,766,1404,未核实,80,70,110,489,,航司官网,—,low,0,,,按直线距离 1277 公里估算，非实录班次；具体车次与票价请查 12306 或航司
R971,深圳,德清,飞机(估),—,,,239,836,1533,未核实,80,70,110,499,,航司官网,—,low,0,,,按直线距离 1394 公里估算，非实录班次；具体车次与票价请查 12306 或航司
R972,深圳,南昌,高铁(估),—,,,275,367,642,未核实,40,35,30,380,,12306,—,low,0,,,按直线距离 918 公里估算，非实录班次；具体车次与票价请查 12306 或航司
R973,深圳,婺源,高铁(估),—,,,326,435,762,未核实,40,35,30,431,,12306,—,low,0,,,按直线距离 1088 公里估算，非实录班次；具体车次与票价请查 12306 或航司
R974,深圳,庐山,高铁(估),—,,,313,418,731,未核实,40,35,30,418,,12306,—,low,0,,,按直线距离 1045 公里估算，非实录班次；具体车次与票价请查 12306 或航司
R975,深圳,景德镇,高铁(估),—,,,316,421,737,未核实,40,35,30,421,,12306,—,low,0,,,按直线距离 1053 公里估算，非实录班次；具体车次与票价请查 12306 或航司
R976,深圳,三清山,高铁(估),—,,,317,423,740,未核实,40,35,30,422,,12306,—,low,0,,,按直线距离 1058 公里估算，非实录班次；具体车次与票价请查 12306 或航司
R977,深圳,定州,飞机(估),—,,,318,1387,2543,未核实,80,70,110,578,,航司官网,—,low,0,,,按直线距离 2312 公里估算，非实录班次；具体车次与票价请查 12306 或航司
R978,深圳,乐山大佛,飞机(估),—,,,264,1005,1842,未核实,80,70,110,524,,航司官网,—,low,0,,,按直线距离 1674 公里估算，非实录班次；具体车次与票价请查 12306 或航司
R979,深圳,峨眉山,飞机(估),—,,,267,1031,1890,未核实,80,70,110,527,,航司官网,—,low,0,,,按直线距离 1718 公里估算，非实录班次；具体车次与票价请查 12306 或航司
R980,深圳,宏村西递,高铁(估),—,,,354,472,826,未核实,40,35,30,459,,12306,—,low,0,,,按直线距离 1180 公里估算，非实录班次；具体车次与票价请查 12306 或航司
R981,深圳,曲阜三孔,飞机(估),—,,,285,1153,2115,未核实,80,70,110,545,,航司官网,—,low,0,,,按直线距离 1922 公里估算，非实录班次；具体车次与票价请查 12306 或航司
R982,深圳,五台山,飞机(估),—,,,324,1428,2618,未核实,80,70,110,584,,航司官网,—,low,0,,,按直线距离 2380 公里估算，非实录班次；具体车次与票价请查 12306 或航司
R983,深圳,武当山,飞机(估),—,,,247,886,1625,未核实,80,70,110,507,,航司官网,—,low,0,,,按直线距离 1477 公里估算，非实录班次；具体车次与票价请查 12306 或航司
R984,深圳,恩施大峡谷,飞机(估),—,,,231,779,1428,未核实,80,70,110,491,,航司官网,—,low,0,,,按直线距离 1298 公里估算，非实录班次；具体车次与票价请查 12306 或航司
R985,深圳,长白山,飞机(估),—,,,401,1969,3610,未核实,80,70,110,661,,航司官网,—,low,0,,,按直线距离 3282 公里估算，非实录班次；具体车次与票价请查 12306 或航司
R986,深圳,大连,飞机(估),—,,,338,1526,2798,未核实,80,70,110,598,,航司官网,—,low,0,,,按直线距离 2543 公里估算，非实录班次；具体车次与票价请查 12306 或航司
R987,深圳,银川沙坡头,飞机(估),—,,,329,1463,2683,未核实,80,70,110,589,,航司官网,—,low,0,,,按直线距离 2439 公里估算，非实录班次；具体车次与票价请查 12306 或航司
R988,深圳,西双版纳,飞机(估),—,,,272,1065,1952,未核实,80,70,110,532,,航司官网,—,low,0,,,按直线距离 1775 公里估算，非实录班次；具体车次与票价请查 12306 或航司
R989,深圳,泸沽湖,飞机(估),—,,,282,1133,2078,未核实,80,70,110,542,,航司官网,—,low,0,,,按直线距离 1889 公里估算，非实录班次；具体车次与票价请查 12306 或航司
R990,深圳,元阳梯田,飞机(估),—,,,249,905,1659,未核实,80,70,110,509,,航司官网,—,low,0,,,按直线距离 1508 公里估算，非实录班次；具体车次与票价请查 12306 或航司
R991,深圳,北海涠洲岛,高铁(估),—,,,209,279,488,未核实,40,35,30,314,,12306,—,low,0,,,按直线距离 697 公里估算，非实录班次；具体车次与票价请查 12306 或航司
R992,深圳,德天瀑布,高铁(估),—,,,294,392,686,未核实,40,35,30,399,,12306,—,low,0,,,按直线距离 980 公里估算，非实录班次；具体车次与票价请查 12306 或航司
R993,深圳,普陀山,飞机(估),—,,,251,915,1678,未核实,80,70,110,511,,航司官网,—,low,0,,,按直线距离 1526 公里估算，非实录班次；具体车次与票价请查 12306 或航司
R994,深圳,云台山,飞机(估),—,,,279,1115,2045,未核实,80,70,110,539,,航司官网,—,low,0,,,按直线距离 1859 公里估算，非实录班次；具体车次与票价请查 12306 或航司
R995,深圳,井冈山,高铁(估),—,,,175,233,408,未核实,40,35,30,280,,12306,—,low,0,,,按直线距离 582 公里估算，非实录班次；具体车次与票价请查 12306 或航司
R996,武汉,成都,飞机(估),—,,,229,764,1401,未核实,80,70,110,489,,航司官网,—,low,0,,,按直线距离 1274 公里估算，非实录班次；具体车次与票价请查 12306 或航司
R997,武汉,西安,高铁(估),—,,,255,340,595,未核实,40,35,30,360,,12306,—,low,0,,,按直线距离 849 公里估算，非实录班次；具体车次与票价请查 12306 或航司
R998,武汉,杭州,高铁(估),—,,,219,292,511,未核实,40,35,30,324,,12306,—,low,0,,,按直线距离 730 公里估算，非实录班次；具体车次与票价请查 12306 或航司
R999,武汉,重庆,高铁(估),—,,,294,392,687,未核实,40,35,30,399,,12306,—,low,0,,,按直线距离 981 公里估算，非实录班次；具体车次与票价请查 12306 或航司
R1000,武汉,都江堰青城山,飞机(估),—,,,234,796,1459,未核实,80,70,110,494,,航司官网,—,low,0,,,按直线距离 1327 公里估算，非实录班次；具体车次与票价请查 12306 或航司
R1001,武汉,街子古镇,飞机(估),—,,,235,805,1476,未核实,80,70,110,495,,航司官网,—,low,0,,,按直线距离 1342 公里估算，非实录班次；具体车次与票价请查 12306 或航司
R1002,武汉,犍为嘉阳小火车,飞机(估),—,,,232,787,1444,未核实,80,70,110,492,,航司官网,—,low,0,,,按直线距离 1312 公里估算，非实录班次；具体车次与票价请查 12306 或航司
R1003,武汉,韩城党家村,高铁(估),—,,,254,339,593,未核实,40,35,30,359,,12306,—,low,0,,,按直线距离 847 公里估算，非实录班次；具体车次与票价请查 12306 或航司
R1004,武汉,莫干山,高铁(估),—,,,208,277,486,未核实,40,35,30,313,,12306,—,low,0,,,按直线距离 694 公里估算，非实录班次；具体车次与票价请查 12306 或航司
R1005,武汉,良渚古城遗址,高铁(估),—,,,213,284,496,未核实,40,35,30,318,,12306,—,low,0,,,按直线距离 709 公里估算，非实录班次；具体车次与票价请查 12306 或航司
R1006,武汉,桐庐富春江,高铁(估),—,,,205,273,477,未核实,40,35,30,310,,12306,—,low,0,,,按直线距离 682 公里估算，非实录班次；具体车次与票价请查 12306 或航司
R1007,武汉,汉中,高铁(估),—,,,289,385,674,未核实,40,35,30,394,,12306,—,low,0,,,按直线距离 963 公里估算，非实录班次；具体车次与票价请查 12306 或航司
R1008,武汉,上海,高铁(估),—,,,268,357,626,未核实,40,35,30,373,,12306,—,low,0,,,按直线距离 894 公里估算，非实录班次；具体车次与票价请查 12306 或航司
R1009,武汉,苏州,高铁(估),—,,,236,314,550,未核实,40,35,30,341,,12306,—,low,0,,,按直线距离 785 公里估算，非实录班次；具体车次与票价请查 12306 或航司
R1010,武汉,南京,高铁(估),—,,,178,237,416,未核实,40,35,30,283,,12306,—,low,0,,,按直线距离 594 公里估算，非实录班次；具体车次与票价请查 12306 或航司
R1011,武汉,绍兴,高铁(估),—,,,236,315,551,未核实,40,35,30,341,,12306,—,low,0,,,按直线距离 788 公里估算，非实录班次；具体车次与票价请查 12306 或航司
R1012,武汉,乌镇西栅,高铁(估),—,,,231,308,538,未核实,40,35,30,336,,12306,—,low,0,,,按直线距离 769 公里估算，非实录班次；具体车次与票价请查 12306 或航司
R1013,武汉,西塘,高铁(估),—,,,246,328,574,未核实,40,35,30,351,,12306,—,low,0,,,按直线距离 819 公里估算，非实录班次；具体车次与票价请查 12306 或航司
R1014,武汉,千岛湖,高铁(估),—,,,183,244,426,未核实,40,35,30,288,,12306,—,low,0,,,按直线距离 609 公里估算，非实录班次；具体车次与票价请查 12306 或航司
R1015,武汉,无锡,高铁(估),—,,,227,302,529,未核实,40,35,30,332,,12306,—,low,0,,,按直线距离 755 公里估算，非实录班次；具体车次与票价请查 12306 或航司
R1016,武汉,扬州,高铁(估),—,,,204,272,477,未核实,40,35,30,309,,12306,—,low,0,,,按直线距离 681 公里估算，非实录班次；具体车次与票价请查 12306 或航司
R1017,武汉,舟山嵊泗,高铁(估),—,,,304,405,710,未核实,40,35,30,409,,12306,—,low,0,,,按直线距离 1014 公里估算，非实录班次；具体车次与票价请查 12306 或航司
R1018,武汉,长沙,高铁(估),—,,,115,153,268,未核实,40,35,30,220,,12306,—,low,0,,,按直线距离 383 公里估算，非实录班次；具体车次与票价请查 12306 或航司
R1019,武汉,张家界武陵源,高铁(估),—,,,154,205,360,未核实,40,35,30,259,,12306,—,low,0,,,按直线距离 514 公里估算，非实录班次；具体车次与票价请查 12306 或航司
R1020,武汉,凤凰古城,高铁(估),—,,,212,282,494,未核实,40,35,30,317,,12306,—,low,0,,,按直线距离 706 公里估算，非实录班次；具体车次与票价请查 12306 或航司
R1021,武汉,南岳衡山,高铁(估),—,,,157,209,365,未核实,40,35,30,262,,12306,—,low,0,,,按直线距离 522 公里估算，非实录班次；具体车次与票价请查 12306 或航司
R1022,武汉,郴州小东江,高铁(估),—,,,213,285,498,未核实,40,35,30,318,,12306,—,low,0,,,按直线距离 712 公里估算，非实录班次；具体车次与票价请查 12306 或航司
R1023,武汉,郴州高椅岭,高铁(估),—,,,210,280,491,未核实,40,35,30,315,,12306,—,low,0,,,按直线距离 701 公里估算，非实录班次；具体车次与票价请查 12306 或航司
R1024,武汉,乌鲁木齐,飞机(估),—,,,428,2157,3954,未核实,80,70,110,688,,航司官网,—,low,0,,,按直线距离 3595 公里估算，非实录班次；具体车次与票价请查 12306 或航司
R1025,武汉,伊犁河谷,飞机(估),—,,,481,2530,4639,未核实,80,70,110,741,,航司官网,—,low,0,,,按直线距离 4217 公里估算，非实录班次；具体车次与票价请查 12306 或航司
R1026,武汉,喀纳斯禾木,飞机(估),—,,,460,2383,4370,未核实,80,70,110,720,,航司官网,—,low,0,,,按直线距离 3972 公里估算，非实录班次；具体车次与票价请查 12306 或航司
R1027,武汉,吐鲁番,飞机(估),—,,,411,2036,3732,未核实,80,70,110,671,,航司官网,—,low,0,,,按直线距离 3393 公里估算，非实录班次；具体车次与票价请查 12306 或航司
R1028,武汉,喀什,飞机(估),—,,,521,2805,5142,未核实,80,70,110,781,,航司官网,—,low,0,,,按直线距离 4675 公里估算，非实录班次；具体车次与票价请查 12306 或航司
R1029,武汉,独库公路,飞机(估),—,,,451,2316,4246,未核实,80,70,110,711,,航司官网,—,low,0,,,按直线距离 3860 公里估算，非实录班次；具体车次与票价请查 12306 或航司
R1030,武汉,巴音布鲁克,飞机(估),—,,,453,2333,4277,未核实,80,70,110,713,,航司官网,—,low,0,,,按直线距离 3889 公里估算，非实录班次；具体车次与票价请查 12306 或航司
R1031,武汉,稻城亚丁,飞机(估),—,,,272,1062,1946,未核实,80,70,110,532,,航司官网,—,low,0,,,按直线距离 1769 公里估算，非实录班次；具体车次与票价请查 12306 或航司
R1032,武汉,四姑娘山,飞机(估),—,,,242,851,1560,未核实,80,70,110,502,,航司官网,—,low,0,,,按直线距离 1418 公里估算，非实录班次；具体车次与票价请查 12306 或航司
R1033,武汉,色达,飞机(估),—,,,269,1044,1913,未核实,80,70,110,529,,航司官网,—,low,0,,,按直线距离 1739 公里估算，非实录班次；具体车次与票价请查 12306 或航司
R1034,武汉,新都桥,飞机(估),—,,,257,961,1762,未核实,80,70,110,517,,航司官网,—,low,0,,,按直线距离 1601 公里估算，非实录班次；具体车次与票价请查 12306 或航司
R1035,武汉,丹巴甲居藏寨,飞机(估),—,,,252,926,1698,未核实,80,70,110,512,,航司官网,—,low,0,,,按直线距离 1544 公里估算，非实录班次；具体车次与票价请查 12306 或航司
R1036,武汉,海螺沟,飞机(估),—,,,251,918,1683,未核实,80,70,110,511,,航司官网,—,low,0,,,按直线距离 1530 公里估算，非实录班次；具体车次与票价请查 12306 或航司
R1037,武汉,若尔盖花湖,飞机(估),—,,,246,880,1614,未核实,80,70,110,506,,航司官网,—,low,0,,,按直线距离 1467 公里估算，非实录班次；具体车次与票价请查 12306 或航司
R1038,武汉,北京,飞机(估),—,,,237,821,1505,未核实,80,70,110,497,,航司官网,—,low,0,,,按直线距离 1369 公里估算，非实录班次；具体车次与票价请查 12306 或航司
R1039,武汉,承德避暑山庄,飞机(估),—,,,254,935,1715,未核实,80,70,110,514,,航司官网,—,low,0,,,按直线距离 1559 公里估算，非实录班次；具体车次与票价请查 12306 或航司
R1040,武汉,北戴河,飞机(估),—,,,246,880,1614,未核实,80,70,110,506,,航司官网,—,low,0,,,按直线距离 1467 公里估算，非实录班次；具体车次与票价请查 12306 或航司
R1041,武汉,古北水镇司马台,飞机(估),—,,,248,896,1642,未核实,80,70,110,508,,航司官网,—,low,0,,,按直线距离 1493 公里估算，非实录班次；具体车次与票价请查 12306 或航司
R1042,武汉,邯郸,高铁(估),—,,,262,349,611,未核实,40,35,30,367,,12306,—,low,0,,,按直线距离 872 公里估算，非实录班次；具体车次与票价请查 12306 或航司
R1043,武汉,安阳殷墟,高铁(估),—,,,240,320,560,未核实,40,35,30,345,,12306,—,low,0,,,按直线距离 800 公里估算，非实录班次；具体车次与票价请查 12306 或航司
R1044,武汉,林州太行大峡谷,高铁(估),—,,,238,317,555,未核实,40,35,30,343,,12306,—,low,0,,,按直线距离 792 公里估算，非实录班次；具体车次与票价请查 12306 或航司
R1045,武汉,正定古城,高铁(估),—,,,328,437,765,未核实,40,35,30,433,,12306,—,low,0,,,按直线距离 1092 公里估算，非实录班次；具体车次与票价请查 12306 或航司
R1046,武汉,平遥古城,高铁(估),—,,,321,428,750,未核实,40,35,30,426,,12306,—,low,0,,,按直线距离 1071 公里估算，非实录班次；具体车次与票价请查 12306 或航司
R1047,武汉,大同云冈,飞机(估),—,,,238,826,1514,未核实,80,70,110,498,,航司官网,—,low,0,,,按直线距离 1376 公里估算，非实录班次；具体车次与票价请查 12306 或航司
R1048,武汉,洛阳,高铁(估),—,,,187,250,437,未核实,40,35,30,292,,12306,—,low,0,,,按直线距离 624 公里估算，非实录班次；具体车次与票价请查 12306 或航司
R1049,武汉,开封,高铁(估),—,,,182,243,425,未核实,40,35,30,287,,12306,—,low,0,,,按直线距离 608 公里估算，非实录班次；具体车次与票价请查 12306 或航司
R1050,武汉,青岛,高铁(估),—,,,324,432,755,未核实,40,35,30,429,,12306,—,low,0,,,按直线距离 1079 公里估算，非实录班次；具体车次与票价请查 12306 或航司
R1051,武汉,泰山,高铁(估),—,,,265,354,619,未核实,40,35,30,370,,12306,—,low,0,,,按直线距离 884 公里估算，非实录班次；具体车次与票价请查 12306 或航司
R1052,武汉,厦门,高铁(估),—,,,302,403,705,未核实,40,35,30,407,,12306,—,low,0,,,按直线距离 1008 公里估算，非实录班次；具体车次与票价请查 12306 或航司
R1053,武汉,泉州,高铁(估),—,,,299,399,698,未核实,40,35,30,404,,12306,—,low,0,,,按直线距离 998 公里估算，非实录班次；具体车次与票价请查 12306 或航司
R1054,武汉,大理,飞机(估),—,,,285,1157,2121,未核实,80,70,110,545,,航司官网,—,low,0,,,按直线距离 1928 公里估算，非实录班次；具体车次与票价请查 12306 或航司
R1055,武汉,丽江香格里拉,飞机(估),—,,,280,1117,2048,未核实,80,70,110,540,,航司官网,—,low,0,,,按直线距离 1862 公里估算，非实录班次；具体车次与票价请查 12306 或航司
R1056,武汉,贵州黄果树荔波,飞机(估),—,,,230,770,1412,未核实,80,70,110,490,,航司官网,—,low,0,,,按直线距离 1283 公里估算，非实录班次；具体车次与票价请查 12306 或航司
R1057,武汉,桂林阳朔,高铁(估),—,,,277,370,647,未核实,40,35,30,382,,12306,—,low,0,,,按直线距离 924 公里估算，非实录班次；具体车次与票价请查 12306 或航司
R1058,武汉,敦煌,飞机(估),—,,,350,1612,2955,未核实,80,70,110,610,,航司官网,—,low,0,,,按直线距离 2687 公里估算，非实录班次；具体车次与票价请查 12306 或航司
R1059,武汉,青海湖茶卡,飞机(估),—,,,285,1156,2119,未核实,80,70,110,545,,航司官网,—,low,0,,,按直线距离 1926 公里估算，非实录班次；具体车次与票价请查 12306 或航司
R1060,武汉,张掖七彩丹霞,飞机(估),—,,,294,1221,2239,未核实,80,70,110,554,,航司官网,—,low,0,,,按直线距离 2036 公里估算，非实录班次；具体车次与票价请查 12306 或航司
R1061,武汉,拉萨,飞机(估),—,,,368,1734,3180,未核实,80,70,110,628,,航司官网,—,low,0,,,按直线距离 2891 公里估算，非实录班次；具体车次与票价请查 12306 或航司
R1062,武汉,哈尔滨,飞机(估),—,,,342,1556,2853,未核实,80,70,110,602,,航司官网,—,low,0,,,按直线距离 2594 公里估算，非实录班次；具体车次与票价请查 12306 或航司
R1063,武汉,呼伦贝尔,飞机(估),—,,,356,1654,3033,未核实,80,70,110,616,,航司官网,—,low,0,,,按直线距离 2757 公里估算，非实录班次；具体车次与票价请查 12306 或航司
R1064,武汉,三亚,飞机(估),—,,,282,1135,2081,未核实,80,70,110,542,,航司官网,—,low,0,,,按直线距离 1891 公里估算，非实录班次；具体车次与票价请查 12306 或航司
R1065,武汉,广州,高铁(估),—,,,326,435,761,未核实,40,35,30,431,,12306,—,low,0,,,按直线距离 1087 公里估算，非实录班次；具体车次与票价请查 12306 或航司
R1066,武汉,潮汕,高铁(估),—,,,327,436,763,未核实,40,35,30,432,,12306,—,low,0,,,按直线距离 1090 公里估算，非实录班次；具体车次与票价请查 12306 或航司
R1067,武汉,武夷山,高铁(估),—,,,187,250,437,未核实,40,35,30,292,,12306,—,low,0,,,按直线距离 624 公里估算，非实录班次；具体车次与票价请查 12306 或航司
R1068,武汉,天津,飞机(估),—,,,229,765,1402,未核实,80,70,110,489,,航司官网,—,low,0,,,按直线距离 1274 公里估算，非实录班次；具体车次与票价请查 12306 或航司
R1069,武汉,太原,高铁(估),—,,,322,429,751,未核实,40,35,30,427,,12306,—,low,0,,,按直线距离 1073 公里估算，非实录班次；具体车次与票价请查 12306 或航司
R1070,武汉,济南,高铁(估),—,,,282,376,657,未核实,40,35,30,387,,12306,—,low,0,,,按直线距离 939 公里估算，非实录班次；具体车次与票价请查 12306 或航司
R1071,武汉,深圳,高铁(估),—,,,349,466,815,未核实,40,35,30,454,,12306,—,low,0,,,按直线距离 1164 公里估算，非实录班次；具体车次与票价请查 12306 或航司
R1072,武汉,福州,高铁(估),—,,,273,364,638,未核实,40,35,30,378,,12306,—,low,0,,,按直线距离 911 公里估算，非实录班次；具体车次与票价请查 12306 或航司
R1073,武汉,郑州,高铁(估),—,,,182,242,424,未核实,40,35,30,287,,12306,—,low,0,,,按直线距离 606 公里估算，非实录班次；具体车次与票价请查 12306 或航司
R1074,武汉,黄山,高铁(估),—,,,146,194,340,未核实,40,35,30,251,,12306,—,low,0,,,按直线距离 486 公里估算，非实录班次；具体车次与票价请查 12306 或航司
R1075,武汉,乐山,飞机(估),—,,,234,796,1459,未核实,80,70,110,494,,航司官网,—,low,0,,,按直线距离 1327 公里估算，非实录班次；具体车次与票价请查 12306 或航司
R1076,武汉,石家庄,高铁(估),—,,,323,431,754,未核实,40,35,30,428,,12306,—,low,0,,,按直线距离 1077 公里估算，非实录班次；具体车次与票价请查 12306 或航司
R1077,武汉,桐庐,高铁(估),—,,,205,273,477,未核实,40,35,30,310,,12306,—,low,0,,,按直线距离 682 公里估算，非实录班次；具体车次与票价请查 12306 或航司
R1078,武汉,德清,高铁(估),—,,,216,288,504,未核实,40,35,30,321,,12306,—,low,0,,,按直线距离 720 公里估算，非实录班次；具体车次与票价请查 12306 或航司
R1079,武汉,南昌,高铁(估),—,,,101,135,237,未核实,40,35,30,206,,12306,—,low,0,,,按直线距离 338 公里估算，非实录班次；具体车次与票价请查 12306 或航司
R1080,武汉,婺源,高铁(估),—,,,146,194,340,未核实,40,35,30,251,,12306,—,low,0,,,按直线距离 486 公里估算，非实录班次；具体车次与票价请查 12306 或航司
R1081,武汉,庐山,高铁(估),—,,,78,103,181,未核实,40,35,30,183,,12306,—,low,0,,,按直线距离 259 公里估算，非实录班次；具体车次与票价请查 12306 或航司
R1082,武汉,景德镇,高铁(估),—,,,122,163,285,未核实,40,35,30,227,,12306,—,low,0,,,按直线距离 408 公里估算，非实录班次；具体车次与票价请查 12306 或航司
R1083,武汉,三清山,高铁(估),—,,,159,212,371,未核实,40,35,30,264,,12306,—,low,0,,,按直线距离 531 公里估算，非实录班次；具体车次与票价请查 12306 或航司
R1084,武汉,定州,高铁(估),—,,,344,459,804,未核实,40,35,30,449,,12306,—,low,0,,,按直线距离 1148 公里估算，非实录班次；具体车次与票价请查 12306 或航司
R1085,武汉,乐山大佛,飞机(估),—,,,234,795,1458,未核实,80,70,110,494,,航司官网,—,low,0,,,按直线距离 1326 公里估算，非实录班次；具体车次与票价请查 12306 或航司
R1086,武汉,峨眉山,飞机(估),—,,,238,828,1519,未核实,80,70,110,498,,航司官网,—,low,0,,,按直线距离 1381 公里估算，非实录班次；具体车次与票价请查 12306 或航司
R1087,武汉,宏村西递,高铁(估),—,,,141,188,329,未核实,40,35,30,246,,12306,—,low,0,,,按直线距离 470 公里估算，非实录班次；具体车次与票价请查 12306 或航司
R1088,武汉,曲阜三孔,高铁(估),—,,,238,317,555,未核实,40,35,30,343,,12306,—,low,0,,,按直线距离 793 公里估算，非实录班次；具体车次与票价请查 12306 或航司
R1089,武汉,五台山,飞机(估),—,,,224,731,1341,未核实,80,70,110,484,,航司官网,—,low,0,,,按直线距离 1219 公里估算，非实录班次；具体车次与票价请查 12306 或航司
R1090,武汉,武当山,高铁(估),—,,,145,193,338,未核实,40,35,30,250,,12306,—,low,0,,,按直线距离 484 公里估算，非实录班次；具体车次与票价请查 12306 或航司
R1091,武汉,恩施大峡谷,高铁(估),—,,,180,240,420,未核实,40,35,30,285,,12306,—,low,0,,,按直线距离 601 公里估算，非实录班次；具体车次与票价请查 12306 或航司
R1092,武汉,长白山,飞机(估),—,,,317,1376,2523,未核实,80,70,110,577,,航司官网,—,low,0,,,按直线距离 2293 公里估算，非实录班次；具体车次与票价请查 12306 或航司
R1093,武汉,大连,飞机(估),—,,,247,889,1630,未核实,80,70,110,507,,航司官网,—,low,0,,,按直线距离 1482 公里估算，非实录班次；具体车次与票价请查 12306 或航司
R1094,武汉,银川沙坡头,飞机(估),—,,,248,897,1644,未核实,80,70,110,508,,航司官网,—,low,0,,,按直线距离 1495 公里估算，非实录班次；具体车次与票价请查 12306 或航司
R1095,武汉,西双版纳,飞机(估),—,,,304,1286,2357,未核实,80,70,110,564,,航司官网,—,low,0,,,按直线距离 2143 公里估算，非实录班次；具体车次与票价请查 12306 或航司
R1096,武汉,泸沽湖,飞机(估),—,,,271,1054,1931,未核实,80,70,110,531,,航司官网,—,low,0,,,按直线距离 1756 公里估算，非实录班次；具体车次与票价请查 12306 或航司
R1097,武汉,元阳梯田,飞机(估),—,,,278,1104,2024,未核实,80,70,110,538,,航司官网,—,low,0,,,按直线距离 1840 公里估算，非实录班次；具体车次与票价请查 12306 或航司
R1098,武汉,北海涠洲岛,飞机(估),—,,,252,922,1690,未核实,80,70,110,512,,航司官网,—,low,0,,,按直线距离 1536 公里估算，非实录班次；具体车次与票价请查 12306 或航司
R1099,武汉,德天瀑布,飞机(估),—,,,247,892,1635,未核实,80,70,110,507,,航司官网,—,low,0,,,按直线距离 1486 公里估算，非实录班次；具体车次与票价请查 12306 或航司
R1100,武汉,普陀山,高铁(估),—,,,304,405,709,未核实,40,35,30,409,,12306,—,low,0,,,按直线距离 1012 公里估算，非实录班次；具体车次与票价请查 12306 或航司
R1101,武汉,云台山,高铁(估),—,,,211,281,492,未核实,40,35,30,316,,12306,—,low,0,,,按直线距离 702 公里估算，非实录班次；具体车次与票价请查 12306 或航司
R1102,武汉,井冈山,高铁(估),—,,,175,233,407,未核实,40,35,30,280,,12306,—,low,0,,,按直线距离 582 公里估算，非实录班次；具体车次与票价请查 12306 或航司
R1103,重庆,成都,高铁(估),—,,,105,140,244,未核实,40,35,30,210,,12306,—,low,0,,,按直线距离 349 公里估算，非实录班次；具体车次与票价请查 12306 或航司
R1104,重庆,西安,高铁(估),—,,,225,300,525,未核实,40,35,30,330,,12306,—,low,0,,,按直线距离 750 公里估算，非实录班次；具体车次与票价请查 12306 或航司
R1105,重庆,杭州,飞机(估),—,,,266,1024,1877,未核实,80,70,110,526,,航司官网,—,low,0,,,按直线距离 1706 公里估算，非实录班次；具体车次与票价请查 12306 或航司
R1106,重庆,都江堰青城山,高铁(估),—,,,126,168,293,未核实,40,35,30,231,,12306,—,low,0,,,按直线距离 419 公里估算，非实录班次；具体车次与票价请查 12306 或航司
R1107,重庆,街子古镇,高铁(估),—,,,128,170,298,未核实,40,35,30,233,,12306,—,low,0,,,按直线距离 426 公里估算，非实录班次；具体车次与票价请查 12306 或航司
R1108,重庆,犍为嘉阳小火车,高铁(估),—,,,99,133,232,未核实,40,35,30,204,,12306,—,low,0,,,按直线距离 332 公里估算，非实录班次；具体车次与票价请查 12306 或航司
R1109,重庆,韩城党家村,高铁(估),—,,,293,391,684,未核实,40,35,30,398,,12306,—,low,0,,,按直线距离 977 公里估算，非实录班次；具体车次与票价请查 12306 或航司
R1110,重庆,莫干山,飞机(估),—,,,263,1004,1840,未核实,80,70,110,523,,航司官网,—,low,0,,,按直线距离 1673 公里估算，非实录班次；具体车次与票价请查 12306 或航司
R1111,重庆,良渚古城遗址,飞机(估),—,,,265,1012,1855,未核实,80,70,110,525,,航司官网,—,low,0,,,按直线距离 1686 公里估算，非实录班次；具体车次与票价请查 12306 或航司
R1112,重庆,桐庐富春江,飞机(估),—,,,261,989,1814,未核实,80,70,110,521,,航司官网,—,low,0,,,按直线距离 1649 公里估算，非实录班次；具体车次与票价请查 12306 或航司
R1113,重庆,汉中,高铁(估),—,,,153,204,357,未核实,40,35,30,258,,12306,—,low,0,,,按直线距离 510 公里估算，非实录班次；具体车次与票价请查 12306 或航司
R1114,重庆,上海,飞机(估),—,,,281,1125,2062,未核实,80,70,110,541,,航司官网,—,low,0,,,按直线距离 1875 公里估算，非实录班次；具体车次与票价请查 12306 或航司
R1115,重庆,苏州,飞机(估),—,,,271,1059,1942,未核实,80,70,110,531,,航司官网,—,low,0,,,按直线距离 1766 公里估算，非实录班次；具体车次与票价请查 12306 或航司
R1116,重庆,南京,飞机(估),—,,,254,937,1718,未核实,80,70,110,514,,航司官网,—,low,0,,,按直线距离 1562 公里估算，非实录班次；具体车次与票价请查 12306 或航司
R1117,重庆,绍兴,飞机(估),—,,,271,1056,1936,未核实,80,70,110,531,,航司官网,—,low,0,,,按直线距离 1760 公里估算，非实录班次；具体车次与票价请查 12306 或航司
R1118,重庆,乌镇西栅,飞机(估),—,,,270,1050,1924,未核实,80,70,110,530,,航司官网,—,low,0,,,按直线距离 1749 公里估算，非实录班次；具体车次与票价请查 12306 或航司
R1119,重庆,西塘,飞机(估),—,,,274,1080,1980,未核实,80,70,110,534,,航司官网,—,low,0,,,按直线距离 1800 公里估算，非实录班次；具体车次与票价请查 12306 或航司
R1120,重庆,千岛湖,飞机(估),—,,,255,942,1726,未核实,80,70,110,515,,航司官网,—,low,0,,,按直线距离 1569 公里估算，非实录班次；具体车次与票价请查 12306 或航司
R1121,重庆,无锡,飞机(估),—,,,269,1041,1908,未核实,80,70,110,529,,航司官网,—,low,0,,,按直线距离 1735 公里估算，非实录班次；具体车次与票价请查 12306 或航司
R1122,重庆,扬州,飞机(估),—,,,261,987,1809,未核实,80,70,110,521,,航司官网,—,low,0,,,按直线距离 1644 公里估算，非实录班次；具体车次与票价请查 12306 或航司
R1123,重庆,舟山嵊泗,飞机(估),—,,,291,1196,2193,未核实,80,70,110,551,,航司官网,—,low,0,,,按直线距离 1994 公里估算，非实录班次；具体车次与票价请查 12306 或航司
R1124,重庆,长沙,高铁(估),—,,,249,332,582,未核实,40,35,30,354,,12306,—,low,0,,,按直线距离 831 公里估算，非实录班次；具体车次与票价请查 12306 或航司
R1125,重庆,张家界武陵源,高铁(估),—,,,149,198,347,未核实,40,35,30,254,,12306,—,low,0,,,按直线距离 496 公里估算，非实录班次；具体车次与票价请查 12306 或航司
R1126,重庆,凤凰古城,高铁(估),—,,,135,180,316,未核实,40,35,30,240,,12306,—,low,0,,,按直线距离 451 公里估算，非实录班次；具体车次与票价请查 12306 或航司
R1127,重庆,南岳衡山,高铁(估),—,,,256,342,598,未核实,40,35,30,361,,12306,—,low,0,,,按直线距离 854 公里估算，非实录班次；具体车次与票价请查 12306 或航司
R1128,重庆,郴州小东江,高铁(估),—,,,297,397,694,未核实,40,35,30,402,,12306,—,low,0,,,按直线距离 991 公里估算，非实录班次；具体车次与票价请查 12306 或航司
R1129,重庆,郴州高椅岭,高铁(估),—,,,300,400,700,未核实,40,35,30,405,,12306,—,low,0,,,按直线距离 1000 公里估算，非实录班次；具体车次与票价请查 12306 或航司
R1130,重庆,乌鲁木齐,飞机(估),—,,,377,1798,3297,未核实,80,70,110,637,,航司官网,—,low,0,,,按直线距离 2997 公里估算，非实录班次；具体车次与票价请查 12306 或航司
R1131,重庆,伊犁河谷,飞机(估),—,,,425,2136,3916,未核实,80,70,110,685,,航司官网,—,low,0,,,按直线距离 3560 公里估算，非实录班次；具体车次与票价请查 12306 或航司
R1132,重庆,喀纳斯禾木,飞机(估),—,,,421,2105,3859,未核实,80,70,110,681,,航司官网,—,low,0,,,按直线距离 3508 公里估算，非实录班次；具体车次与票价请查 12306 或航司
R1133,重庆,吐鲁番,飞机(估),—,,,359,1674,3068,未核实,80,70,110,619,,航司官网,—,low,0,,,按直线距离 2790 公里估算，非实录班次；具体车次与票价请查 12306 或航司
R1134,重庆,喀什,飞机(估),—,,,453,2333,4277,未核实,80,70,110,713,,航司官网,—,low,0,,,按直线距离 3888 公里估算，非实录班次；具体车次与票价请查 12306 或航司
R1135,重庆,独库公路,飞机(估),—,,,395,1923,3525,未核实,80,70,110,655,,航司官网,—,low,0,,,按直线距离 3204 公里估算，非实录班次；具体车次与票价请查 12306 或航司
R1136,重庆,巴音布鲁克,飞机(估),—,,,396,1935,3548,未核实,80,70,110,656,,航司官网,—,low,0,,,按直线距离 3226 公里估算，非实录班次；具体车次与票价请查 12306 或航司
R1137,重庆,稻城亚丁,高铁(估),—,,,237,317,554,未核实,40,35,30,342,,12306,—,low,0,,,按直线距离 792 公里估算，非实录班次；具体车次与票价请查 12306 或航司
R1138,重庆,四姑娘山,高铁(估),—,,,152,203,356,未核实,40,35,30,257,,12306,—,low,0,,,按直线距离 508 公里估算，非实录班次；具体车次与票价请查 12306 或航司
R1139,重庆,色达,高铁(估),—,,,259,346,605,未核实,40,35,30,364,,12306,—,low,0,,,按直线距离 865 公里估算，非实录班次；具体车次与票价请查 12306 或航司
R1140,重庆,新都桥,高铁(估),—,,,192,256,448,未核实,40,35,30,297,,12306,—,low,0,,,按直线距离 640 公里估算，非实录班次；具体车次与票价请查 12306 或航司
R1141,重庆,丹巴甲居藏寨,高铁(估),—,,,184,245,430,未核实,40,35,30,289,,12306,—,low,0,,,按直线距离 614 公里估算，非实录班次；具体车次与票价请查 12306 或航司
R1142,重庆,海螺沟,高铁(估),—,,,167,223,390,未核实,40,35,30,272,,12306,—,low,0,,,按直线距离 557 公里估算，非实录班次；具体车次与票价请查 12306 或航司
R1143,重庆,若尔盖花湖,高铁(估),—,,,221,295,517,未核实,40,35,30,326,,12306,—,low,0,,,按直线距离 738 公里估算，非实录班次；具体车次与票价请查 12306 或航司
R1144,重庆,北京,飞机(估),—,,,283,1138,2086,未核实,80,70,110,543,,航司官网,—,low,0,,,按直线距离 1896 公里估算，非实录班次；具体车次与票价请查 12306 或航司
R1145,重庆,承德避暑山庄,飞机(估),—,,,302,1274,2336,未核实,80,70,110,562,,航司官网,—,low,0,,,按直线距离 2123 公里估算，非实录班次；具体车次与票价请查 12306 或航司
R1146,重庆,北戴河,飞机(估),—,,,303,1279,2345,未核实,80,70,110,563,,航司官网,—,low,0,,,按直线距离 2132 公里估算，非实录班次；具体车次与票价请查 12306 或航司
R1147,重庆,古北水镇司马台,飞机(估),—,,,294,1220,2236,未核实,80,70,110,554,,航司官网,—,low,0,,,按直线距离 2033 公里估算，非实录班次；具体车次与票价请查 12306 或航司
R1148,重庆,邯郸,飞机(估),—,,,240,843,1546,未核实,80,70,110,500,,航司官网,—,low,0,,,按直线距离 1405 公里估算，非实录班次；具体车次与票价请查 12306 或航司
R1149,重庆,安阳殷墟,飞机(估),—,,,235,802,1470,未核实,80,70,110,495,,航司官网,—,low,0,,,按直线距离 1337 公里估算，非实录班次；具体车次与票价请查 12306 或航司
R1150,重庆,林州太行大峡谷,飞机(估),—,,,229,766,1405,未核实,80,70,110,489,,航司官网,—,low,0,,,按直线距离 1277 公里估算，非实录班次；具体车次与票价请查 12306 或航司
R1151,重庆,正定古城,飞机(估),—,,,254,941,1726,未核实,80,70,110,514,,航司官网,—,low,0,,,按直线距离 1569 公里估算，非实录班次；具体车次与票价请查 12306 或航司
R1152,重庆,平遥古城,飞机(估),—,,,237,820,1504,未核实,80,70,110,497,,航司官网,—,low,0,,,按直线距离 1367 公里估算，非实录班次；具体车次与票价请查 12306 或航司
R1153,重庆,大同云冈,飞机(估),—,,,267,1030,1888,未核实,80,70,110,527,,航司官网,—,low,0,,,按直线距离 1716 公里估算，非实录班次；具体车次与票价请查 12306 或航司
R1154,重庆,洛阳,高铁(估),—,,,308,411,719,未核实,40,35,30,413,,12306,—,low,0,,,按直线距离 1028 公里估算，非实录班次；具体车次与票价请查 12306 或航司
R1155,重庆,开封,飞机(估),—,,,224,728,1334,未核实,80,70,110,484,,航司官网,—,low,0,,,按直线距离 1213 公里估算，非实录班次；具体车次与票价请查 12306 或航司
R1156,重庆,青岛,飞机(估),—,,,285,1154,2115,未核实,80,70,110,545,,航司官网,—,low,0,,,按直线距离 1923 公里估算，非实录班次；具体车次与票价请查 12306 或航司
R1157,重庆,泰山,飞机(估),—,,,257,961,1763,未核实,80,70,110,517,,航司官网,—,low,0,,,按直线距离 1602 公里估算，非实录班次；具体车次与票价请查 12306 或航司
R1158,重庆,厦门,飞机(估),—,,,262,994,1822,未核实,80,70,110,522,,航司官网,—,low,0,,,按直线距离 1656 公里估算，非实录班次；具体车次与票价请查 12306 或航司
R1159,重庆,泉州,飞机(估),—,,,266,1019,1868,未核实,80,70,110,526,,航司官网,—,low,0,,,按直线距离 1698 公里估算，非实录班次；具体车次与票价请查 12306 或航司
R1160,重庆,大理,高铁(估),—,,,296,395,691,未核实,40,35,30,401,,12306,—,low,0,,,按直线距离 987 公里估算，非实录班次；具体车次与票价请查 12306 或航司
R1161,重庆,丽江香格里拉,高铁(估),—,,,268,358,626,未核实,40,35,30,373,,12306,—,low,0,,,按直线距离 894 公里估算，非实录班次；具体车次与票价请查 12306 或航司
R1162,重庆,贵州黄果树荔波,高铁(估),—,,,159,212,370,未核实,40,35,30,264,,12306,—,low,0,,,按直线距离 529 公里估算，非实录班次；具体车次与票价请查 12306 或航司
R1163,重庆,桂林阳朔,高铁(估),—,,,235,314,549,未核实,40,35,30,340,,12306,—,low,0,,,按直线距离 784 公里估算，非实录班次；具体车次与票价请查 12306 或航司
R1164,重庆,敦煌,飞机(估),—,,,298,1246,2284,未核实,80,70,110,558,,航司官网,—,low,0,,,按直线距离 2076 公里估算，非实录班次；具体车次与票价请查 12306 或航司
R1165,重庆,青海湖茶卡,飞机(估),—,,,232,786,1441,未核实,80,70,110,492,,航司官网,—,low,0,,,按直线距离 1310 公里估算，非实录班次；具体车次与票价请查 12306 或航司
R1166,重庆,张掖七彩丹霞,飞机(估),—,,,252,922,1691,未核实,80,70,110,512,,航司官网,—,low,0,,,按直线距离 1537 公里估算，非实录班次；具体车次与票价请查 12306 或航司
R1167,重庆,拉萨,飞机(估),—,,,286,1159,2125,未核实,80,70,110,546,,航司官网,—,low,0,,,按直线距离 1932 公里估算，非实录班次；具体车次与票价请查 12306 或航司
R1168,重庆,哈尔滨,飞机(估),—,,,399,1955,3584,未核实,80,70,110,659,,航司官网,—,low,0,,,按直线距离 3259 公里估算，非实录班次；具体车次与票价请查 12306 或航司
R1169,重庆,呼伦贝尔,飞机(估),—,,,393,1914,3509,未核实,80,70,110,653,,航司官网,—,low,0,,,按直线距离 3190 公里估算，非实录班次；具体车次与票价请查 12306 或航司
R1170,重庆,三亚,飞机(估),—,,,264,1008,1849,未核实,80,70,110,524,,航司官网,—,low,0,,,按直线距离 1681 公里估算，非实录班次；具体车次与票价请查 12306 或航司
R1171,重庆,广州,飞机(估),—,,,229,764,1400,未核实,80,70,110,489,,航司官网,—,low,0,,,按直线距离 1273 公里估算，非实录班次；具体车次与票价请查 12306 或航司
R1172,重庆,潮汕,飞机(估),—,,,256,953,1746,未核实,80,70,110,516,,航司官网,—,low,0,,,按直线距离 1588 公里估算，非实录班次；具体车次与票价请查 12306 或航司
R1173,重庆,武夷山,飞机(估),—,,,247,887,1627,未核实,80,70,110,507,,航司官网,—,low,0,,,按直线距离 1479 公里估算，非实录班次；具体车次与票价请查 12306 或航司
R1174,重庆,天津,飞机(估),—,,,280,1123,2058,未核实,80,70,110,540,,航司官网,—,low,0,,,按直线距离 1871 公里估算，非实录班次；具体车次与票价请查 12306 或航司
R1175,重庆,太原,飞机(估),—,,,240,840,1540,未核实,80,70,110,500,,航司官网,—,low,0,,,按直线距离 1400 公里估算，非实录班次；具体车次与票价请查 12306 或航司
R1176,重庆,武汉,高铁(估),—,,,294,392,687,未核实,40,35,30,399,,12306,—,low,0,,,按直线距离 981 公里估算，非实录班次；具体车次与票价请查 12306 或航司
R1177,重庆,济南,飞机(估),—,,,260,982,1801,未核实,80,70,110,520,,航司官网,—,low,0,,,按直线距离 1637 公里估算，非实录班次；具体车次与票价请查 12306 或航司
R1178,重庆,深圳,飞机(估),—,,,241,844,1547,未核实,80,70,110,501,,航司官网,—,low,0,,,按直线距离 1406 公里估算，非实录班次；具体车次与票价请查 12306 或航司
R1179,重庆,福州,飞机(估),—,,,266,1023,1875,未核实,80,70,110,526,,航司官网,—,low,0,,,按直线距离 1705 公里估算，非实录班次；具体车次与票价请查 12306 或航司
R1180,重庆,郑州,高铁(估),—,,,343,458,801,未核实,40,35,30,448,,12306,—,low,0,,,按直线距离 1144 公里估算，非实录班次；具体车次与票价请查 12306 或航司
R1181,重庆,黄山,飞机(估),—,,,245,875,1604,未核实,80,70,110,505,,航司官网,—,low,0,,,按直线距离 1458 公里估算，非实录班次；具体车次与票价请查 12306 或航司
R1182,重庆,乐山,高铁(估),—,,,105,140,245,未核实,40,35,30,210,,12306,—,low,0,,,按直线距离 350 公里估算，非实录班次；具体车次与票价请查 12306 或航司
R1183,重庆,石家庄,飞机(估),—,,,253,932,1709,未核实,80,70,110,513,,航司官网,—,low,0,,,按直线距离 1553 公里估算，非实录班次；具体车次与票价请查 12306 或航司
R1184,重庆,桐庐,飞机(估),—,,,261,989,1814,未核实,80,70,110,521,,航司官网,—,low,0,,,按直线距离 1649 公里估算，非实录班次；具体车次与票价请查 12306 或航司
R1185,重庆,德清,飞机(估),—,,,266,1019,1868,未核实,80,70,110,526,,航司官网,—,low,0,,,按直线距离 1699 公里估算，非实录班次；具体车次与票价请查 12306 或航司
R1186,重庆,南昌,高铁(估),—,,,355,473,827,未核实,40,35,30,460,,12306,—,low,0,,,按直线距离 1182 公里估算，非实录班次；具体车次与票价请查 12306 或航司
R1187,重庆,婺源,飞机(估),—,,,242,855,1567,未核实,80,70,110,502,,航司官网,—,low,0,,,按直线距离 1424 公里估算，非实录班次；具体车次与票价请查 12306 或航司
R1188,重庆,庐山,高铁(估),—,,,356,475,831,未核实,40,35,30,461,,12306,—,low,0,,,按直线距离 1187 公里估算，非实录班次；具体车次与票价请查 12306 或航司
R1189,重庆,景德镇,飞机(估),—,,,235,803,1472,未核实,80,70,110,495,,航司官网,—,low,0,,,按直线距离 1338 公里估算，非实录班次；具体车次与票价请查 12306 或航司
R1190,重庆,三清山,飞机(估),—,,,245,873,1600,未核实,80,70,110,505,,航司官网,—,low,0,,,按直线距离 1455 公里估算，非实录班次；具体车次与票价请查 12306 或航司
R1191,重庆,定州,飞机(估),—,,,261,984,1805,未核实,80,70,110,521,,航司官网,—,low,0,,,按直线距离 1640 公里估算，非实录班次；具体车次与票价请查 12306 或航司
R1192,重庆,乐山大佛,高铁(估),—,,,105,140,245,未核实,40,35,30,210,,12306,—,low,0,,,按直线距离 349 公里估算，非实录班次；具体车次与票价请查 12306 或航司
R1193,重庆,峨眉山,高铁(估),—,,,121,162,283,未核实,40,35,30,226,,12306,—,low,0,,,按直线距离 404 公里估算，非实录班次；具体车次与票价请查 12306 或航司
R1194,重庆,宏村西递,飞机(估),—,,,243,861,1579,未核实,80,70,110,503,,航司官网,—,low,0,,,按直线距离 1436 公里估算，非实录班次；具体车次与票价请查 12306 或航司
R1195,重庆,曲阜三孔,飞机(估),—,,,252,924,1694,未核实,80,70,110,512,,航司官网,—,low,0,,,按直线距离 1540 公里估算，非实录班次；具体车次与票价请查 12306 或航司
R1196,重庆,五台山,飞机(估),—,,,257,961,1762,未核实,80,70,110,517,,航司官网,—,low,0,,,按直线距离 1602 公里估算，非实录班次；具体车次与票价请查 12306 或航司
R1197,重庆,武当山,高铁(估),—,,,206,275,481,未核实,40,35,30,311,,12306,—,low,0,,,按直线距离 687 公里估算，非实录班次；具体车次与票价请查 12306 或航司
R1198,重庆,恩施大峡谷,高铁(估),—,,,118,157,275,未核实,40,35,30,223,,12306,—,low,0,,,按直线距离 393 公里估算，非实录班次；具体车次与票价请查 12306 或航司
R1199,重庆,长白山,飞机(估),—,,,384,1849,3391,未核实,80,70,110,644,,航司官网,—,low,0,,,按直线距离 3082 公里估算，非实录班次；具体车次与票价请查 12306 或航司
R1200,重庆,大连,飞机(估),—,,,313,1348,2471,未核实,80,70,110,573,,航司官网,—,low,0,,,按直线距离 2246 公里估算，非实录班次；具体车次与票价请查 12306 或航司
R1201,重庆,银川沙坡头,高铁(估),—,,,349,466,815,未核实,40,35,30,454,,12306,—,low,0,,,按直线距离 1164 公里估算，非实录班次；具体车次与票价请查 12306 或航司
R1202,重庆,西双版纳,飞机(估),—,,,233,794,1456,未核实,80,70,110,493,,航司官网,—,low,0,,,按直线距离 1324 公里估算，非实录班次；具体车次与票价请查 12306 或航司
R1203,重庆,泸沽湖,高铁(估),—,,,234,312,545,未核实,40,35,30,339,,12306,—,low,0,,,按直线距离 779 公里估算，非实录班次；具体车次与票价请查 12306 或航司
R1204,重庆,元阳梯田,高铁(估),—,,,317,422,739,未核实,40,35,30,422,,12306,—,low,0,,,按直线距离 1056 公里估算，非实录班次；具体车次与票价请查 12306 或航司
R1205,重庆,北海涠洲岛,飞机(估),—,,,229,766,1404,未核实,80,70,110,489,,航司官网,—,low,0,,,按直线距离 1277 公里估算，非实录班次；具体车次与票价请查 12306 或航司
R1206,重庆,德天瀑布,高铁(估),—,,,291,388,679,未核实,40,35,30,396,,12306,—,low,0,,,按直线距离 970 公里估算，非实录班次；具体车次与票价请查 12306 或航司
R1207,重庆,普陀山,飞机(估),—,,,290,1192,2185,未核实,80,70,110,550,,航司官网,—,low,0,,,按直线距离 1986 公里估算，非实录班次；具体车次与票价请查 12306 或航司
R1208,重庆,云台山,高铁(估),—,,,355,474,829,未核实,40,35,30,460,,12306,—,low,0,,,按直线距离 1184 公里估算，非实录班次；具体车次与票价请查 12306 或航司
R1209,重庆,井冈山,高铁(估),—,,,319,425,744,未核实,40,35,30,424,,12306,—,low,0,,,按直线距离 1063 公里估算，非实录班次；具体车次与票价请查 12306 或航司
R1210,长沙,成都,高铁(估),—,,,351,468,820,未核实,40,35,30,456,,12306,—,low,0,,,按直线距离 1171 公里估算，非实录班次；具体车次与票价请查 12306 或航司
R1211,长沙,西安,高铁(估),—,,,304,405,709,未核实,40,35,30,409,,12306,—,low,0,,,按直线距离 1012 公里估算，非实录班次；具体车次与票价请查 12306 或航司
R1212,长沙,杭州,高铁(估),—,,,287,383,670,未核实,40,35,30,392,,12306,—,low,0,,,按直线距离 957 公里估算，非实录班次；具体车次与票价请查 12306 或航司
R1213,长沙,重庆,高铁(估),—,,,249,332,582,未核实,40,35,30,354,,12306,—,low,0,,,按直线距离 831 公里估算，非实录班次；具体车次与票价请查 12306 或航司
R1214,长沙,都江堰青城山,飞机(估),—,,,226,742,1360,未核实,80,70,110,486,,航司官网,—,low,0,,,按直线距离 1236 公里估算，非实录班次；具体车次与票价请查 12306 或航司
R1215,长沙,街子古镇,飞机(估),—,,,227,748,1371,未核实,80,70,110,487,,航司官网,—,low,0,,,按直线距离 1246 公里估算，非实录班次；具体车次与票价请查 12306 或航司
R1216,长沙,犍为嘉阳小火车,高铁(估),—,,,344,459,804,未核实,40,35,30,449,,12306,—,low,0,,,按直线距离 1148 公里估算，非实录班次；具体车次与票价请查 12306 或航司
R1217,长沙,韩城党家村,高铁(估),—,,,327,437,764,未核实,40,35,30,432,,12306,—,low,0,,,按直线距离 1091 公里估算，非实录班次；具体车次与票价请查 12306 或航司
R1218,长沙,莫干山,高铁(估),—,,,281,375,656,未核实,40,35,30,386,,12306,—,low,0,,,按直线距离 937 公里估算，非实录班次；具体车次与票价请查 12306 或航司
R1219,长沙,良渚古城遗址,高铁(估),—,,,283,377,660,未核实,40,35,30,388,,12306,—,low,0,,,按直线距离 943 公里估算，非实录班次；具体车次与票价请查 12306 或航司
R1220,长沙,桐庐富春江,高铁(估),—,,,265,353,618,未核实,40,35,30,370,,12306,—,low,0,,,按直线距离 882 公里估算，非实录班次；具体车次与票价请查 12306 或航司
R1221,长沙,汉中,高铁(估),—,,,304,406,710,未核实,40,35,30,409,,12306,—,low,0,,,按直线距离 1015 公里估算，非实录班次；具体车次与票价请查 12306 或航司
R1222,长沙,上海,高铁(估),—,,,347,462,809,未核实,40,35,30,452,,12306,—,low,0,,,按直线距离 1155 公里估算，非实录班次；具体车次与票价请查 12306 或航司
R1223,长沙,苏州,高铁(估),—,,,317,423,740,未核实,40,35,30,422,,12306,—,low,0,,,按直线距离 1057 公里估算，非实录班次；具体车次与票价请查 12306 或航司
R1224,长沙,南京,高铁(估),—,,,275,367,643,未核实,40,35,30,380,,12306,—,low,0,,,按直线距离 918 公里估算，非实录班次；具体车次与票价请查 12306 或航司
R1225,长沙,绍兴,高铁(估),—,,,300,399,699,未核实,40,35,30,405,,12306,—,low,0,,,按直线距离 998 公里估算，非实录班次；具体车次与票价请查 12306 或航司
R1226,长沙,乌镇西栅,高铁(估),—,,,305,407,712,未核实,40,35,30,410,,12306,—,low,0,,,按直线距离 1017 公里估算，非实录班次；具体车次与票价请查 12306 或航司
R1227,长沙,西塘,高铁(估),—,,,322,429,751,未核实,40,35,30,427,,12306,—,low,0,,,按直线距离 1074 公里估算，非实录班次；具体车次与票价请查 12306 或航司
R1228,长沙,千岛湖,高铁(估),—,,,239,319,558,未核实,40,35,30,344,,12306,—,low,0,,,按直线距离 797 公里估算，非实录班次；具体车次与票价请查 12306 或航司
R1229,长沙,无锡,高铁(估),—,,,311,415,726,未核实,40,35,30,416,,12306,—,low,0,,,按直线距离 1037 公里估算，非实录班次；具体车次与票价请查 12306 或航司
R1230,长沙,扬州,高铁(估),—,,,302,403,705,未核实,40,35,30,407,,12306,—,low,0,,,按直线距离 1007 公里估算，非实录班次；具体车次与票价请查 12306 或航司
R1231,长沙,舟山嵊泗,飞机(估),—,,,227,750,1376,未核实,80,70,110,487,,航司官网,—,low,0,,,按直线距离 1251 公里估算，非实录班次；具体车次与票价请查 12306 或航司
R1232,长沙,张家界武陵源,高铁(估),—,,,105,140,244,未核实,40,35,30,210,,12306,—,low,0,,,按直线距离 349 公里估算，非实录班次；具体车次与票价请查 12306 或航司
R1233,长沙,郴州高椅岭,高铁(估),—,,,103,138,241,未核实,40,35,30,208,,12306,—,low,0,,,按直线距离 345 公里估算，非实录班次；具体车次与票价请查 12306 或航司
R1234,长沙,乌鲁木齐,飞机(估),—,,,437,2217,4065,未核实,80,70,110,697,,航司官网,—,low,0,,,按直线距离 3695 公里估算，非实录班次；具体车次与票价请查 12306 或航司
R1235,长沙,伊犁河谷,飞机(估),—,,,488,2577,4724,未核实,80,70,110,748,,航司官网,—,low,0,,,按直线距离 4294 公里估算，非实录班次；具体车次与票价请查 12306 或航司
R1236,长沙,喀纳斯禾木,飞机(估),—,,,474,2478,4542,未核实,80,70,110,734,,航司官网,—,low,0,,,按直线距离 4129 公里估算，非实录班次；具体车次与票价请查 12306 或航司
R1237,长沙,吐鲁番,飞机(估),—,,,419,2094,3838,未核实,80,70,110,679,,航司官网,—,low,0,,,按直线距离 3489 公里估算，非实录班次；具体车次与票价请查 12306 或航司
R1238,长沙,喀什,飞机(估),—,,,522,2811,5154,未核实,80,70,110,782,,航司官网,—,low,0,,,按直线距离 4685 公里估算，非实录班次；具体车次与票价请查 12306 或航司
R1239,长沙,独库公路,飞机(估),—,,,457,2362,4330,未核实,80,70,110,717,,航司官网,—,low,0,,,按直线距离 3936 公里估算，非实录班次；具体车次与票价请查 12306 或航司
R1240,长沙,巴音布鲁克,飞机(估),—,,,460,2377,4358,未核实,80,70,110,720,,航司官网,—,low,0,,,按直线距离 3961 公里估算，非实录班次；具体车次与票价请查 12306 或航司
R1241,长沙,稻城亚丁,飞机(估),—,,,258,964,1768,未核实,80,70,110,518,,航司官网,—,low,0,,,按直线距离 1607 公里估算，非实录班次；具体车次与票价请查 12306 或航司
R1242,长沙,四姑娘山,飞机(估),—,,,234,797,1461,未核实,80,70,110,494,,航司官网,—,low,0,,,按直线距离 1328 公里估算，非实录班次；具体车次与票价请查 12306 或航司
R1243,长沙,色达,飞机(估),—,,,264,1007,1845,未核实,80,70,110,524,,航司官网,—,low,0,,,按直线距离 1678 公里估算，非实录班次；具体车次与票价请查 12306 或航司
R1244,长沙,新都桥,飞机(估),—,,,246,882,1617,未核实,80,70,110,506,,航司官网,—,low,0,,,按直线距离 1470 公里估算，非实录班次；具体车次与票价请查 12306 或航司
R1245,长沙,丹巴甲居藏寨,飞机(估),—,,,244,865,1586,未核实,80,70,110,504,,航司官网,—,low,0,,,按直线距离 1442 公里估算，非实录班次；具体车次与票价请查 12306 或航司
R1246,长沙,海螺沟,飞机(估),—,,,239,830,1521,未核实,80,70,110,499,,航司官网,—,low,0,,,按直线距离 1383 公里估算，非实录班次；具体车次与票价请查 12306 或航司
R1247,长沙,若尔盖花湖,飞机(估),—,,,246,882,1617,未核实,80,70,110,506,,航司官网,—,low,0,,,按直线距离 1470 公里估算，非实录班次；具体车次与票价请查 12306 或航司
R1248,长沙,北京,飞机(估),—,,,269,1043,1912,未核实,80,70,110,529,,航司官网,—,low,0,,,按直线距离 1738 公里估算，非实录班次；具体车次与票价请查 12306 或航司
R1249,长沙,承德避暑山庄,飞机(估),—,,,286,1161,2128,未核实,80,70,110,546,,航司官网,—,low,0,,,按直线距离 1935 公里估算，非实录班次；具体车次与票价请查 12306 或航司
R1250,长沙,北戴河,飞机(估),—,,,278,1109,2034,未核实,80,70,110,538,,航司官网,—,low,0,,,按直线距离 1849 公里估算，非实录班次；具体车次与票价请查 12306 或航司
R1251,长沙,古北水镇司马台,飞机(估),—,,,280,1119,2052,未核实,80,70,110,540,,航司官网,—,low,0,,,按直线距离 1866 公里估算，非实录班次；具体车次与票价请查 12306 或航司
R1252,长沙,邯郸,飞机(估),—,,,225,738,1352,未核实,80,70,110,485,,航司官网,—,low,0,,,按直线距离 1229 公里估算，非实录班次；具体车次与票价请查 12306 或航司
R1253,长沙,安阳殷墟,高铁(估),—,,,346,462,808,未核实,40,35,30,451,,12306,—,low,0,,,按直线距离 1154 公里估算，非实录班次；具体车次与票价请查 12306 或航司
R1254,长沙,林州太行大峡谷,高铁(估),—,,,340,454,794,未核实,40,35,30,445,,12306,—,low,0,,,按直线距离 1134 公里估算，非实录班次；具体车次与票价请查 12306 或航司
R1255,长沙,正定古城,飞机(估),—,,,244,868,1592,未核实,80,70,110,504,,航司官网,—,low,0,,,按直线距离 1447 公里估算，非实录班次；具体车次与票价请查 12306 或航司
R1256,长沙,平遥古城,飞机(估),—,,,239,831,1524,未核实,80,70,110,499,,航司官网,—,low,0,,,按直线距离 1385 公里估算，非实录班次；具体车次与票价请查 12306 或航司
R1257,长沙,大同云冈,飞机(估),—,,,267,1028,1884,未核实,80,70,110,527,,航司官网,—,low,0,,,按直线距离 1713 公里估算，非实录班次；具体车次与票价请查 12306 或航司
R1258,长沙,洛阳,高铁(估),—,,,278,370,648,未核实,40,35,30,383,,12306,—,low,0,,,按直线距离 926 公里估算，非实录班次；具体车次与票价请查 12306 或航司
R1259,长沙,开封,高铁(估),—,,,289,386,675,未核实,40,35,30,394,,12306,—,low,0,,,按直线距离 964 公里估算，非实录班次；具体车次与票价请查 12306 或航司
R1260,长沙,青岛,飞机(估),—,,,245,872,1598,未核实,80,70,110,505,,航司官网,—,low,0,,,按直线距离 1453 公里估算，非实录班次；具体车次与票价请查 12306 或航司
R1261,长沙,泰山,飞机(估),—,,,229,760,1392,未核实,80,70,110,489,,航司官网,—,low,0,,,按直线距离 1266 公里估算，非实录班次；具体车次与票价请查 12306 或航司
R1262,长沙,厦门,高铁(估),—,,,258,344,601,未核实,40,35,30,363,,12306,—,low,0,,,按直线距离 859 公里估算，非实录班次；具体车次与票价请查 12306 或航司
R1263,长沙,泉州,高铁(估),—,,,266,354,620,未核实,40,35,30,371,,12306,—,low,0,,,按直线距离 886 公里估算，非实录班次；具体车次与票价请查 12306 或航司
R1264,长沙,大理,飞机(估),—,,,264,1005,1843,未核实,80,70,110,524,,航司官网,—,low,0,,,按直线距离 1676 公里估算，非实录班次；具体车次与票价请查 12306 或航司
R1265,长沙,丽江香格里拉,飞机(估),—,,,261,984,1804,未核实,80,70,110,521,,航司官网,—,low,0,,,按直线距离 1640 公里估算，非实录班次；具体车次与票价请查 12306 或航司
R1266,长沙,贵州黄果树荔波,高铁(估),—,,,297,395,692,未核实,40,35,30,402,,12306,—,low,0,,,按直线距离 988 公里估算，非实录班次；具体车次与票价请查 12306 或航司
R1267,长沙,桂林阳朔,高铁(估),—,,,164,219,383,未核实,40,35,30,269,,12306,—,low,0,,,按直线距离 547 公里估算，非实录班次；具体车次与票价请查 12306 或航司
R1268,长沙,敦煌,飞机(估),—,,,358,1664,3050,未核实,80,70,110,618,,航司官网,—,low,0,,,按直线距离 2773 公里估算，非实录班次；具体车次与票价请查 12306 或航司
R1269,长沙,青海湖茶卡,飞机(估),—,,,291,1197,2194,未核实,80,70,110,551,,航司官网,—,low,0,,,按直线距离 1995 公里估算，非实录班次；具体车次与票价请查 12306 或航司
R1270,长沙,张掖七彩丹霞,飞机(估),—,,,305,1292,2369,未核实,80,70,110,565,,航司官网,—,low,0,,,按直线距离 2153 公里估算，非实录班次；具体车次与票价请查 12306 或航司
R1271,长沙,拉萨,飞机(估),—,,,356,1654,3033,未核实,80,70,110,616,,航司官网,—,low,0,,,按直线距离 2757 公里估算，非实录班次；具体车次与票价请查 12306 或航司
R1272,长沙,哈尔滨,飞机(估),—,,,375,1786,3274,未核实,80,70,110,635,,航司官网,—,low,0,,,按直线距离 2977 公里估算，非实录班次；具体车次与票价请查 12306 或航司
R1273,长沙,呼伦贝尔,飞机(估),—,,,388,1876,3439,未核实,80,70,110,648,,航司官网,—,low,0,,,按直线距离 3126 公里估算，非实录班次；具体车次与票价请查 12306 或航司
R1274,长沙,三亚,飞机(估),—,,,250,907,1663,未核实,80,70,110,510,,航司官网,—,low,0,,,按直线距离 1512 公里估算，非实录班次；具体车次与票价请查 12306 或航司
R1275,长沙,广州,高铁(估),—,,,221,295,517,未核实,40,35,30,326,,12306,—,low,0,,,按直线距离 738 公里估算，非实录班次；具体车次与票价请查 12306 或航司
R1276,长沙,潮汕,高铁(估),—,,,257,343,600,未核实,40,35,30,362,,12306,—,low,0,,,按直线距离 856 公里估算，非实录班次；具体车次与票价请查 12306 或航司
R1277,长沙,武夷山,高铁(估),—,,,196,261,457,未核实,40,35,30,301,,12306,—,low,0,,,按直线距离 653 公里估算，非实录班次；具体车次与票价请查 12306 或航司
R1278,长沙,天津,飞机(估),—,,,261,990,1815,未核实,80,70,110,521,,航司官网,—,low,0,,,按直线距离 1650 公里估算，非实录班次；具体车次与票价请查 12306 或航司
R1279,长沙,太原,飞机(估),—,,,240,837,1534,未核实,80,70,110,500,,航司官网,—,low,0,,,按直线距离 1395 公里估算，非实录班次；具体车次与票价请查 12306 或航司
R1280,长沙,武汉,高铁(估),—,,,115,153,268,未核实,40,35,30,220,,12306,—,low,0,,,按直线距离 383 公里估算，非实录班次；具体车次与票价请查 12306 或航司
R1281,长沙,济南,飞机(估),—,,,233,792,1452,未核实,80,70,110,493,,航司官网,—,low,0,,,按直线距离 1320 公里估算，非实录班次；具体车次与票价请查 12306 或航司
R1282,长沙,深圳,高铁(估),—,,,250,334,584,未核实,40,35,30,355,,12306,—,low,0,,,按直线距离 835 公里估算，非实录班次；具体车次与票价请查 12306 或航司
R1283,长沙,福州,高铁(估),—,,,262,350,612,未核实,40,35,30,367,,12306,—,low,0,,,按直线距离 875 公里估算，非实录班次；具体车次与票价请查 12306 或航司
R1284,长沙,郑州,高铁(估),—,,,284,378,662,未核实,40,35,30,389,,12306,—,low,0,,,按直线距离 946 公里估算，非实录班次；具体车次与票价请查 12306 或航司
R1285,长沙,黄山,高铁(估),—,,,214,286,500,未核实,40,35,30,319,,12306,—,low,0,,,按直线距离 715 公里估算，非实录班次；具体车次与票价请查 12306 或航司
R1286,长沙,乐山,高铁(估),—,,,353,471,823,未核实,40,35,30,458,,12306,—,low,0,,,按直线距离 1176 公里估算，非实录班次；具体车次与票价请查 12306 或航司
R1287,长沙,石家庄,飞机(估),—,,,243,859,1575,未核实,80,70,110,503,,航司官网,—,low,0,,,按直线距离 1431 公里估算，非实录班次；具体车次与票价请查 12306 或航司
R1288,长沙,桐庐,高铁(估),—,,,265,353,618,未核实,40,35,30,370,,12306,—,low,0,,,按直线距离 882 公里估算，非实录班次；具体车次与票价请查 12306 或航司
R1289,长沙,德清,高铁(估),—,,,288,384,672,未核实,40,35,30,393,,12306,—,low,0,,,按直线距离 960 公里估算，非实录班次；具体车次与票价请查 12306 或航司
R1290,长沙,南昌,高铁(估),—,,,113,151,264,未核实,40,35,30,218,,12306,—,low,0,,,按直线距离 377 公里估算，非实录班次；具体车次与票价请查 12306 或航司
R1291,长沙,婺源,高铁(估),—,,,192,256,449,未核实,40,35,30,297,,12306,—,low,0,,,按直线距离 641 公里估算，非实录班次；具体车次与票价请查 12306 或航司
R1292,长沙,庐山,高铁(估),—,,,129,173,302,未核实,40,35,30,234,,12306,—,low,0,,,按直线距离 432 公里估算，非实录班次；具体车次与票价请查 12306 或航司
R1293,长沙,景德镇,高铁(估),—,,,167,223,391,未核实,40,35,30,272,,12306,—,low,0,,,按直线距离 558 公里估算，非实录班次；具体车次与票价请查 12306 或航司
R1294,长沙,三清山,高铁(估),—,,,197,263,461,未核实,40,35,30,302,,12306,—,low,0,,,按直线距离 658 公里估算，非实录班次；具体车次与票价请查 12306 或航司
R1295,长沙,定州,飞机(估),—,,,249,904,1658,未核实,80,70,110,509,,航司官网,—,low,0,,,按直线距离 1507 公里估算，非实录班次；具体车次与票价请查 12306 或航司
R1296,长沙,乐山大佛,高铁(估),—,,,353,470,823,未核实,40,35,30,458,,12306,—,low,0,,,按直线距离 1175 公里估算，非实录班次；具体车次与票价请查 12306 或航司
R1297,长沙,峨眉山,飞机(估),—,,,225,738,1352,未核实,80,70,110,485,,航司官网,—,low,0,,,按直线距离 1229 公里估算，非实录班次；具体车次与票价请查 12306 或航司
R1298,长沙,宏村西递,高铁(估),—,,,205,273,478,未核实,40,35,30,310,,12306,—,low,0,,,按直线距离 682 公里估算，非实录班次；具体车次与票价请查 12306 或航司
R1299,长沙,曲阜三孔,高铁(估),—,,,352,470,822,未核实,40,35,30,457,,12306,—,low,0,,,按直线距离 1175 公里估算，非实录班次；具体车次与票价请查 12306 或航司
R1300,长沙,五台山,飞机(估),—,,,254,936,1716,未核实,80,70,110,514,,航司官网,—,low,0,,,按直线距离 1560 公里估算，非实录班次；具体车次与票价请查 12306 或航司
R1301,长沙,武当山,高铁(估),—,,,195,260,455,未核实,40,35,30,300,,12306,—,low,0,,,按直线距离 650 公里估算，非实录班次；具体车次与票价请查 12306 或航司
R1302,长沙,恩施大峡谷,高铁(估),—,,,165,220,384,未核实,40,35,30,270,,12306,—,low,0,,,按直线距离 549 公里估算，非实录班次；具体车次与票价请查 12306 或航司
R1303,长沙,长白山,飞机(估),—,,,349,1600,2934,未核实,80,70,110,609,,航司官网,—,low,0,,,按直线距离 2667 公里估算，非实录班次；具体车次与票价请查 12306 或航司
R1304,长沙,大连,飞机(估),—,,,280,1118,2049,未核实,80,70,110,540,,航司官网,—,low,0,,,按直线距离 1863 公里估算，非实录班次；具体车次与票价请查 12306 或航司
R1305,长沙,银川沙坡头,飞机(估),—,,,261,990,1815,未核实,80,70,110,521,,航司官网,—,low,0,,,按直线距离 1650 公里估算，非实录班次；具体车次与票价请查 12306 或航司
R1306,长沙,西双版纳,飞机(估),—,,,276,1095,2007,未核实,80,70,110,536,,航司官网,—,low,0,,,按直线距离 1824 公里估算，非实录班次；具体车次与票价请查 12306 或航司
R1307,长沙,泸沽湖,飞机(估),—,,,253,932,1708,未核实,80,70,110,513,,航司官网,—,low,0,,,按直线距离 1553 公里估算，非实录班次；具体车次与票价请查 12306 或航司
R1308,长沙,元阳梯田,飞机(估),—,,,250,912,1671,未核实,80,70,110,510,,航司官网,—,low,0,,,按直线距离 1520 公里估算，非实录班次；具体车次与票价请查 12306 或航司
R1309,长沙,北海涠洲岛,高铁(估),—,,,346,461,808,未核实,40,35,30,451,,12306,—,low,0,,,按直线距离 1154 公里估算，非实录班次；具体车次与票价请查 12306 或航司
R1310,长沙,德天瀑布,高铁(估),—,,,337,449,786,未核实,40,35,30,442,,12306,—,low,0,,,按直线距离 1123 公里估算，非实录班次；具体车次与票价请查 12306 或航司
R1311,长沙,普陀山,飞机(估),—,,,225,732,1343,未核实,80,70,110,485,,航司官网,—,low,0,,,按直线距离 1221 公里估算，非实录班次；具体车次与票价请查 12306 或航司
R1312,长沙,云台山,高铁(估),—,,,311,415,726,未核实,40,35,30,416,,12306,—,low,0,,,按直线距离 1037 公里估算，非实录班次；具体车次与票价请查 12306 或航司
R1313,长沙,井冈山,高铁(估),—,,,86,115,201,未核实,40,35,30,191,,12306,—,low,0,,,按直线距离 287 公里估算，非实录班次；具体车次与票价请查 12306 或航司
R1314,厦门,成都,飞机(估),—,,,292,1203,2205,未核实,80,70,110,552,,航司官网,—,low,0,,,按直线距离 2005 公里估算，非实录班次；具体车次与票价请查 12306 或航司
R1315,厦门,西安,飞机(估),—,,,277,1099,2014,未核实,80,70,110,537,,航司官网,—,low,0,,,按直线距离 1831 公里估算，非实录班次；具体车次与票价请查 12306 或航司
R1316,厦门,杭州,高铁(估),—,,,264,351,615,未核实,40,35,30,369,,12306,—,low,0,,,按直线距离 878 公里估算，非实录班次；具体车次与票价请查 12306 或航司
R1317,厦门,重庆,飞机(估),—,,,262,994,1822,未核实,80,70,110,522,,航司官网,—,low,0,,,按直线距离 1656 公里估算，非实录班次；具体车次与票价请查 12306 或航司
R1318,厦门,都江堰青城山,飞机(估),—,,,298,1244,2281,未核实,80,70,110,558,,航司官网,—,low,0,,,按直线距离 2073 公里估算，非实录班次；具体车次与票价请查 12306 或航司
R1319,厦门,街子古镇,飞机(估),—,,,298,1249,2289,未核实,80,70,110,558,,航司官网,—,low,0,,,按直线距离 2081 公里估算，非实录班次；具体车次与票价请查 12306 或航司
R1320,厦门,犍为嘉阳小火车,飞机(估),—,,,287,1168,2140,未核实,80,70,110,547,,航司官网,—,low,0,,,按直线距离 1946 公里估算，非实录班次；具体车次与票价请查 12306 或航司
R1321,厦门,韩城党家村,飞机(估),—,,,279,1112,2039,未核实,80,70,110,539,,航司官网,—,low,0,,,按直线距离 1854 公里估算，非实录班次；具体车次与票价请查 12306 或航司
R1322,厦门,莫干山,高铁(估),—,,,273,364,637,未核实,40,35,30,378,,12306,—,low,0,,,按直线距离 910 公里估算，非实录班次；具体车次与票价请查 12306 或航司
R1323,厦门,良渚古城遗址,高铁(估),—,,,267,356,622,未核实,40,35,30,372,,12306,—,low,0,,,按直线距离 889 公里估算，非实录班次；具体车次与票价请查 12306 或航司
R1324,厦门,桐庐富春江,高铁(估),—,,,238,318,556,未核实,40,35,30,343,,12306,—,low,0,,,按直线距离 795 公里估算，非实录班次；具体车次与票价请查 12306 或航司
R1325,厦门,汉中,飞机(估),—,,,280,1122,2057,未核实,80,70,110,540,,航司官网,—,low,0,,,按直线距离 1870 公里估算，非实录班次；具体车次与票价请查 12306 或航司
R1326,厦门,苏州,高铁(估),—,,,311,414,725,未核实,40,35,30,416,,12306,—,low,0,,,按直线距离 1036 公里估算，非实录班次；具体车次与票价请查 12306 或航司
R1327,厦门,南京,高铁(估),—,,,330,440,770,未核实,40,35,30,435,,12306,—,low,0,,,按直线距离 1099 公里估算，非实录班次；具体车次与票价请查 12306 或航司
R1328,厦门,绍兴,高铁(估),—,,,258,344,602,未核实,40,35,30,363,,12306,—,low,0,,,按直线距离 860 公里估算，非实录班次；具体车次与票价请查 12306 或航司
R1329,厦门,乌镇西栅,高铁(估),—,,,287,383,669,未核实,40,35,30,392,,12306,—,low,0,,,按直线距离 956 公里估算，非实录班次；具体车次与票价请查 12306 或航司
R1330,厦门,西塘,高铁(估),—,,,300,400,701,未核实,40,35,30,405,,12306,—,low,0,,,按直线距离 1001 公里估算，非实录班次；具体车次与票价请查 12306 或航司
R1331,厦门,千岛湖,高铁(估),—,,,225,300,526,未核实,40,35,30,330,,12306,—,low,0,,,按直线距离 751 公里估算，非实录班次；具体车次与票价请查 12306 或航司
R1332,厦门,无锡,高铁(估),—,,,316,421,737,未核实,40,35,30,421,,12306,—,low,0,,,按直线距离 1052 公里估算，非实录班次；具体车次与票价请查 12306 或航司
R1333,厦门,扬州,高铁(估),—,,,347,463,809,未核实,40,35,30,452,,12306,—,low,0,,,按直线距离 1156 公里估算，非实录班次；具体车次与票价请查 12306 或航司
R1334,厦门,舟山嵊泗,高铁(估),—,,,319,425,743,未核实,40,35,30,424,,12306,—,low,0,,,按直线距离 1062 公里估算，非实录班次；具体车次与票价请查 12306 或航司
R1335,厦门,长沙,高铁(估),—,,,258,344,601,未核实,40,35,30,363,,12306,—,low,0,,,按直线距离 859 公里估算，非实录班次；具体车次与票价请查 12306 或航司
R1336,厦门,张家界武陵源,飞机(估),—,,,223,722,1324,未核实,80,70,110,483,,航司官网,—,low,0,,,按直线距离 1204 公里估算，非实录班次；具体车次与票价请查 12306 或航司
R1337,厦门,凤凰古城,飞机(估),—,,,224,726,1330,未核实,80,70,110,484,,航司官网,—,low,0,,,按直线距离 1209 公里估算，非实录班次；具体车次与票价请查 12306 或航司
R1338,厦门,南岳衡山,高铁(估),—,,,241,321,562,未核实,40,35,30,346,,12306,—,low,0,,,按直线距离 803 公里估算，非实录班次；具体车次与票价请查 12306 或航司
R1339,厦门,郴州小东江,高铁(估),—,,,207,276,482,未核实,40,35,30,312,,12306,—,low,0,,,按直线距离 689 公里估算，非实录班次；具体车次与票价请查 12306 或航司
R1340,厦门,郴州高椅岭,高铁(估),—,,,203,270,473,未核实,40,35,30,308,,12306,—,low,0,,,按直线距离 676 公里估算，非实录班次；具体车次与票价请查 12306 或航司
R1341,厦门,乌鲁木齐,飞机(估),—,,,510,2730,5005,未核实,80,70,110,770,,航司官网,—,low,0,,,按直线距离 4550 公里估算，非实录班次；具体车次与票价请查 12306 或航司
R1342,厦门,伊犁河谷,飞机(估),—,,,562,3092,5668,未核实,80,70,110,822,,航司官网,—,low,0,,,按直线距离 5153 公里估算，非实录班次；具体车次与票价请查 12306 或航司
R1343,厦门,喀纳斯禾木,飞机(估),—,,,545,2978,5460,未核实,80,70,110,805,,航司官网,—,low,0,,,按直线距离 4964 公里估算，非实录班次；具体车次与票价请查 12306 或航司
R1344,厦门,吐鲁番,飞机(估),—,,,492,2607,4779,未核实,80,70,110,752,,航司官网,—,low,0,,,按直线距离 4345 公里估算，非实录班次；具体车次与票价请查 12306 或航司
R1345,厦门,喀什,飞机(估),—,,,595,3323,6091,未核实,80,70,110,855,,航司官网,—,low,0,,,按直线距离 5538 公里估算，非实录班次；具体车次与票价请查 12306 或航司
R1346,厦门,独库公路,飞机(估),—,,,531,2877,5274,未核实,80,70,110,791,,航司官网,—,low,0,,,按直线距离 4795 公里估算，非实录班次；具体车次与票价请查 12306 或航司
R1347,厦门,巴音布鲁克,飞机(估),—,,,533,2892,5302,未核实,80,70,110,793,,航司官网,—,low,0,,,按直线距离 4820 公里估算，非实录班次；具体车次与票价请查 12306 或航司
R1348,厦门,稻城亚丁,飞机(估),—,,,325,1432,2625,未核实,80,70,110,585,,航司官网,—,low,0,,,按直线距离 2387 公里估算，非实录班次；具体车次与票价请查 12306 或航司
R1349,厦门,四姑娘山,飞机(估),—,,,305,1298,2380,未核实,80,70,110,565,,航司官网,—,low,0,,,按直线距离 2164 公里估算，非实录班次；具体车次与票价请查 12306 或航司
R1350,厦门,色达,飞机(估),—,,,336,1511,2771,未核实,80,70,110,596,,航司官网,—,low,0,,,按直线距离 2519 公里估算，非实录班次；具体车次与票价请查 12306 或航司
R1351,厦门,新都桥,飞机(估),—,,,315,1367,2506,未核实,80,70,110,575,,航司官网,—,low,0,,,按直线距离 2278 公里估算，非实录班次；具体车次与票价请查 12306 或航司
R1352,厦门,丹巴甲居藏寨,飞机(估),—,,,314,1361,2496,未核实,80,70,110,574,,航司官网,—,low,0,,,按直线距离 2269 公里估算，非实录班次；具体车次与票价请查 12306 或航司
R1353,厦门,海螺沟,飞机(估),—,,,307,1309,2401,未核实,80,70,110,567,,航司官网,—,low,0,,,按直线距离 2182 公里估算，非实录班次；具体车次与票价请查 12306 或航司
R1354,厦门,若尔盖花湖,飞机(估),—,,,320,1397,2561,未核实,80,70,110,580,,航司官网,—,low,0,,,按直线距离 2328 公里估算，非实录班次；具体车次与票价请查 12306 或航司
R1355,厦门,北京,飞机(估),—,,,312,1343,2463,未核实,80,70,110,572,,航司官网,—,low,0,,,按直线距离 2239 公里估算，非实录班次；具体车次与票价请查 12306 或航司
R1356,厦门,承德避暑山庄,飞机(估),—,,,324,1430,2622,未核实,80,70,110,584,,航司官网,—,low,0,,,按直线距离 2384 公里估算，非实录班次；具体车次与票价请查 12306 或航司
R1357,厦门,北戴河,飞机(估),—,,,311,1334,2446,未核实,80,70,110,571,,航司官网,—,low,0,,,按直线距离 2224 公里估算，非实录班次；具体车次与票价请查 12306 或航司
R1358,厦门,古北水镇司马台,飞机(估),—,,,321,1405,2576,未核实,80,70,110,581,,航司官网,—,low,0,,,按直线距离 2342 公里估算，非实录班次；具体车次与票价请查 12306 或航司
R1359,厦门,邯郸,飞机(估),—,,,275,1086,1991,未核实,80,70,110,535,,航司官网,—,low,0,,,按直线距离 1810 公里估算，非实录班次；具体车次与票价请查 12306 或航司
R1360,厦门,安阳殷墟,飞机(估),—,,,270,1049,1923,未核实,80,70,110,530,,航司官网,—,low,0,,,按直线距离 1748 公里估算，非实录班次；具体车次与票价请查 12306 或航司
R1361,厦门,林州太行大峡谷,飞机(估),—,,,271,1056,1935,未核实,80,70,110,531,,航司官网,—,low,0,,,按直线距离 1759 公里估算，非实录班次；具体车次与票价请查 12306 或航司
R1362,厦门,正定古城,飞机(估),—,,,293,1213,2225,未核实,80,70,110,553,,航司官网,—,low,0,,,按直线距离 2022 公里估算，非实录班次；具体车次与票价请查 12306 或航司
R1363,厦门,平遥古城,飞机(估),—,,,296,1234,2263,未核实,80,70,110,556,,航司官网,—,low,0,,,按直线距离 2057 公里估算，非实录班次；具体车次与票价请查 12306 或航司
R1364,厦门,大同云冈,飞机(估),—,,,320,1397,2561,未核实,80,70,110,580,,航司官网,—,low,0,,,按直线距离 2328 公里估算，非实录班次；具体车次与票价请查 12306 或航司
R1365,厦门,洛阳,飞机(估),—,,,259,976,1790,未核实,80,70,110,519,,航司官网,—,low,0,,,按直线距离 1627 公里估算，非实录班次；具体车次与票价请查 12306 或航司
R1366,厦门,开封,飞机(估),—,,,254,939,1721,未核实,80,70,110,514,,航司官网,—,low,0,,,按直线距离 1565 公里估算，非实录班次；具体车次与票价请查 12306 或航司
R1367,厦门,青岛,飞机(估),—,,,266,1019,1869,未核实,80,70,110,526,,航司官网,—,low,0,,,按直线距离 1699 公里估算，非实录班次；具体车次与票价请查 12306 或航司
R1368,厦门,泰山,飞机(估),—,,,266,1024,1876,未核实,80,70,110,526,,航司官网,—,low,0,,,按直线距离 1706 公里估算，非实录班次；具体车次与票价请查 12306 或航司
R1369,厦门,大理,飞机(估),—,,,320,1403,2572,未核实,80,70,110,580,,航司官网,—,low,0,,,按直线距离 2338 公里估算，非实录班次；具体车次与票价请查 12306 或航司
R1370,厦门,丽江香格里拉,飞机(估),—,,,321,1410,2585,未核实,80,70,110,581,,航司官网,—,low,0,,,按直线距离 2350 公里估算，非实录班次；具体车次与票价请查 12306 或航司
R1371,厦门,贵州黄果树荔波,飞机(估),—,,,260,982,1800,未核实,80,70,110,520,,航司官网,—,low,0,,,按直线距离 1637 公里估算，非实录班次；具体车次与票价请查 12306 或航司
R1372,厦门,桂林阳朔,高铁(估),—,,,309,412,720,未核实,40,35,30,414,,12306,—,low,0,,,按直线距离 1029 公里估算，非实录班次；具体车次与票价请查 12306 或航司
R1373,厦门,敦煌,飞机(估),—,,,431,2178,3992,未核实,80,70,110,691,,航司官网,—,low,0,,,按直线距离 3629 公里估算，非实录班次；具体车次与票价请查 12306 或航司
R1374,厦门,青海湖茶卡,飞机(估),—,,,364,1711,3138,未核实,80,70,110,624,,航司官网,—,low,0,,,按直线距离 2852 公里估算，非实录班次；具体车次与票价请查 12306 或航司
R1375,厦门,张掖七彩丹霞,飞机(估),—,,,377,1801,3301,未核实,80,70,110,637,,航司官网,—,low,0,,,按直线距离 3001 公里估算，非实录班次；具体车次与票价请查 12306 或航司
R1376,厦门,拉萨,飞机(估),—,,,423,2122,3890,未核实,80,70,110,683,,航司官网,—,low,0,,,按直线距离 3536 公里估算，非实录班次；具体车次与票价请查 12306 或航司
R1377,厦门,哈尔滨,飞机(估),—,,,397,1941,3559,未核实,80,70,110,657,,航司官网,—,low,0,,,按直线距离 3235 公里估算，非实录班次；具体车次与票价请查 12306 或航司
R1378,厦门,呼伦贝尔,飞机(估),—,,,427,2148,3938,未核实,80,70,110,687,,航司官网,—,low,0,,,按直线距离 3580 公里估算，非实录班次；具体车次与票价请查 12306 或航司
R1379,厦门,三亚,飞机(估),—,,,245,878,1610,未核实,80,70,110,505,,航司官网,—,low,0,,,按直线距离 1463 公里估算，非实录班次；具体车次与票价请查 12306 或航司
R1380,厦门,潮汕,高铁(估),—,,,74,99,173,未核实,40,35,30,179,,12306,—,low,0,,,按直线距离 247 公里估算，非实录班次；具体车次与票价请查 12306 或航司
R1381,厦门,天津,飞机(估),—,,,301,1268,2325,未核实,80,70,110,561,,航司官网,—,low,0,,,按直线距离 2114 公里估算，非实录班次；具体车次与票价请查 12306 或航司
R1382,厦门,太原,飞机(估),—,,,296,1231,2258,未核实,80,70,110,556,,航司官网,—,low,0,,,按直线距离 2052 公里估算，非实录班次；具体车次与票价请查 12306 或航司
R1383,厦门,武汉,高铁(估),—,,,302,403,705,未核实,40,35,30,407,,12306,—,low,0,,,按直线距离 1008 公里估算，非实录班次；具体车次与票价请查 12306 或航司
R1384,厦门,济南,飞机(估),—,,,271,1058,1940,未核实,80,70,110,531,,航司官网,—,low,0,,,按直线距离 1764 公里估算，非实录班次；具体车次与票价请查 12306 或航司
R1385,厦门,深圳,高铁(估),—,,,181,241,422,未核实,40,35,30,286,,12306,—,low,0,,,按直线距离 603 公里估算，非实录班次；具体车次与票价请查 12306 或航司
R1386,厦门,郑州,飞机(估),—,,,256,952,1745,未核实,80,70,110,516,,航司官网,—,low,0,,,按直线距离 1586 公里估算，非实录班次；具体车次与票价请查 12306 或航司
R1387,厦门,黄山,高铁(估),—,,,245,327,572,未核实,40,35,30,350,,12306,—,low,0,,,按直线距离 817 公里估算，非实录班次；具体车次与票价请查 12306 或航司
R1388,厦门,乐山,飞机(估),—,,,290,1190,2181,未核实,80,70,110,550,,航司官网,—,low,0,,,按直线距离 1983 公里估算，非实录班次；具体车次与票价请查 12306 或航司
R1389,厦门,石家庄,飞机(估),—,,,292,1206,2210,未核实,80,70,110,552,,航司官网,—,low,0,,,按直线距离 2009 公里估算，非实录班次；具体车次与票价请查 12306 或航司
R1390,厦门,桐庐,高铁(估),—,,,238,318,556,未核实,40,35,30,343,,12306,—,low,0,,,按直线距离 795 公里估算，非实录班次；具体车次与票价请查 12306 或航司
R1391,厦门,德清,高铁(估),—,,,274,365,639,未核实,40,35,30,379,,12306,—,low,0,,,按直线距离 913 公里估算，非实录班次；具体车次与票价请查 12306 或航司
R1392,厦门,南昌,高铁(估),—,,,202,269,471,未核实,40,35,30,307,,12306,—,low,0,,,按直线距离 672 公里估算，非实录班次；具体车次与票价请查 12306 或航司
R1393,厦门,婺源,高铁(估),—,,,207,276,483,未核实,40,35,30,312,,12306,—,low,0,,,按直线距离 690 公里估算，非实录班次；具体车次与票价请查 12306 或航司
R1394,厦门,庐山,高铁(估),—,,,235,313,547,未核实,40,35,30,340,,12306,—,low,0,,,按直线距离 782 公里估算，非实录班次；具体车次与票价请查 12306 或航司
R1395,厦门,景德镇,高铁(估),—,,,211,281,492,未核实,40,35,30,316,,12306,—,low,0,,,按直线距离 702 公里估算，非实录班次；具体车次与票价请查 12306 或航司
R1396,厦门,三清山,高铁(估),—,,,192,256,448,未核实,40,35,30,297,,12306,—,low,0,,,按直线距离 641 公里估算，非实录班次；具体车次与票价请查 12306 或航司
R1397,厦门,定州,飞机(估),—,,,297,1239,2271,未核实,80,70,110,557,,航司官网,—,low,0,,,按直线距离 2064 公里估算，非实录班次；具体车次与票价请查 12306 或航司
R1398,厦门,乐山大佛,飞机(估),—,,,290,1189,2180,未核实,80,70,110,550,,航司官网,—,low,0,,,按直线距离 1982 公里估算，非实录班次；具体车次与票价请查 12306 或航司
R1399,厦门,峨眉山,飞机(估),—,,,294,1220,2236,未核实,80,70,110,554,,航司官网,—,low,0,,,按直线距离 2033 公里估算，非实录班次；具体车次与票价请查 12306 或航司
R1400,厦门,宏村西递,高铁(估),—,,,235,314,549,未核实,40,35,30,340,,12306,—,low,0,,,按直线距离 785 公里估算，非实录班次；具体车次与票价请查 12306 或航司
R1401,厦门,曲阜三孔,飞机(估),—,,,258,968,1774,未核实,80,70,110,518,,航司官网,—,low,0,,,按直线距离 1613 公里估算，非实录班次；具体车次与票价请查 12306 或航司
R1402,厦门,五台山,飞机(估),—,,,306,1302,2387,未核实,80,70,110,566,,航司官网,—,low,0,,,按直线距离 2170 公里估算，非实录班次；具体车次与票价请查 12306 或航司
R1403,厦门,武当山,飞机(估),—,,,245,873,1601,未核实,80,70,110,505,,航司官网,—,low,0,,,按直线距离 1456 公里估算，非实录班次；具体车次与票价请查 12306 或航司
R1404,厦门,恩施大峡谷,飞机(估),—,,,241,845,1549,未核实,80,70,110,501,,航司官网,—,low,0,,,按直线距离 1408 公里估算，非实录班次；具体车次与票价请查 12306 或航司
R1405,厦门,长白山,飞机(估),—,,,360,1680,3080,未核实,80,70,110,620,,航司官网,—,low,0,,,按直线距离 2800 公里估算，非实录班次；具体车次与票价请查 12306 或航司
R1406,厦门,大连,飞机(估),—,,,303,1278,2344,未核实,80,70,110,563,,航司官网,—,low,0,,,按直线距离 2131 公里估算，非实录班次；具体车次与票价请查 12306 或航司
R1407,厦门,银川沙坡头,飞机(估),—,,,333,1488,2727,未核实,80,70,110,593,,航司官网,—,low,0,,,按直线距离 2479 公里估算，非实录班次；具体车次与票价请查 12306 或航司
R1408,厦门,西双版纳,飞机(估),—,,,319,1394,2555,未核实,80,70,110,579,,航司官网,—,low,0,,,按直线距离 2323 公里估算，非实录班次；具体车次与票价请查 12306 或航司
R1409,厦门,泸沽湖,飞机(估),—,,,316,1375,2521,未核实,80,70,110,576,,航司官网,—,low,0,,,按直线距离 2292 公里估算，非实录班次；具体车次与票价请查 12306 或航司
R1410,厦门,元阳梯田,飞机(估),—,,,295,1223,2241,未核实,80,70,110,555,,航司官网,—,low,0,,,按直线距离 2038 公里估算，非实录班次；具体车次与票价请查 12306 或航司
R1411,厦门,北海涠洲岛,飞机(估),—,,,231,777,1424,未核实,80,70,110,491,,航司官网,—,low,0,,,按直线距离 1294 公里估算，非实录班次；具体车次与票价请查 12306 或航司
R1412,厦门,德天瀑布,飞机(估),—,,,251,914,1676,未核实,80,70,110,511,,航司官网,—,low,0,,,按直线距离 1523 公里估算，非实录班次；具体车次与票价请查 12306 或航司
R1413,厦门,普陀山,高铁(估),—,,,291,389,680,未核实,40,35,30,396,,12306,—,low,0,,,按直线距离 972 公里估算，非实录班次；具体车次与票价请查 12306 或航司
R1414,厦门,云台山,飞机(估),—,,,264,1010,1852,未核实,80,70,110,524,,航司官网,—,low,0,,,按直线距离 1683 公里估算，非实录班次；具体车次与票价请查 12306 或航司
R1415,厦门,井冈山,高铁(估),—,,,178,238,416,未核实,40,35,30,283,,12306,—,low,0,,,按直线距离 594 公里估算，非实录班次；具体车次与票价请查 12306 或航司
R1416,郑州,成都,飞机(估),—,,,232,782,1434,未核实,80,70,110,492,,航司官网,—,low,0,,,按直线距离 1304 公里估算，非实录班次；具体车次与票价请查 12306 或航司
R1417,郑州,西安,高铁(估),—,,,168,224,393,未核实,40,35,30,273,,12306,—,low,0,,,按直线距离 561 公里估算，非实录班次；具体车次与票价请查 12306 或航司
R1418,郑州,杭州,高铁(估),—,,,308,410,718,未核实,40,35,30,413,,12306,—,low,0,,,按直线距离 1025 公里估算，非实录班次；具体车次与票价请查 12306 或航司
R1419,郑州,重庆,高铁(估),—,,,343,458,801,未核实,40,35,30,448,,12306,—,low,0,,,按直线距离 1144 公里估算，非实录班次；具体车次与票价请查 12306 或航司
R1420,郑州,都江堰青城山,飞机(估),—,,,234,797,1462,未核实,80,70,110,494,,航司官网,—,low,0,,,按直线距离 1329 公里估算，非实录班次；具体车次与票价请查 12306 或航司
R1421,郑州,街子古镇,飞机(估),—,,,236,810,1484,未核实,80,70,110,496,,航司官网,—,low,0,,,按直线距离 1349 公里估算，非实录班次；具体车次与票价请查 12306 或航司
R1422,郑州,犍为嘉阳小火车,飞机(估),—,,,243,858,1573,未核实,80,70,110,503,,航司官网,—,low,0,,,按直线距离 1430 公里估算，非实录班次；具体车次与票价请查 12306 或航司
R1423,郑州,韩城党家村,高铁(估),—,,,117,156,274,未核实,40,35,30,222,,12306,—,low,0,,,按直线距离 391 公里估算，非实录班次；具体车次与票价请查 12306 或航司
R1424,郑州,莫干山,高铁(估),—,,,291,388,680,未核实,40,35,30,396,,12306,—,low,0,,,按直线距离 971 公里估算，非实录班次；具体车次与票价请查 12306 或航司
R1425,郑州,良渚古城遗址,高铁(估),—,,,300,399,699,未核实,40,35,30,405,,12306,—,low,0,,,按直线距离 999 公里估算，非实录班次；具体车次与票价请查 12306 或航司
R1426,郑州,桐庐富春江,高铁(估),—,,,309,412,721,未核实,40,35,30,414,,12306,—,low,0,,,按直线距离 1030 公里估算，非实录班次；具体车次与票价请查 12306 或航司
R1427,郑州,汉中,高铁(估),—,,,248,331,580,未核实,40,35,30,353,,12306,—,low,0,,,按直线距离 828 公里估算，非实录班次；具体车次与票价请查 12306 或航司
R1428,郑州,上海,高铁(估),—,,,324,431,755,未核实,40,35,30,429,,12306,—,low,0,,,按直线距离 1078 公里估算，非实录班次；具体车次与票价请查 12306 或航司
R1429,郑州,苏州,高铁(估),—,,,294,392,686,未核实,40,35,30,399,,12306,—,low,0,,,按直线距离 979 公里估算，非实录班次；具体车次与票价请查 12306 或航司
R1430,郑州,南京,高铁(估),—,,,220,294,514,未核实,40,35,30,325,,12306,—,low,0,,,按直线距离 735 公里估算，非实录班次；具体车次与票价请查 12306 或航司
R1431,郑州,绍兴,高铁(估),—,,,327,436,764,未核实,40,35,30,432,,12306,—,low,0,,,按直线距离 1091 公里估算，非实录班次；具体车次与票价请查 12306 或航司
R1432,郑州,乌镇西栅,高铁(估),—,,,305,406,711,未核实,40,35,30,410,,12306,—,low,0,,,按直线距离 1015 公里估算，非实录班次；具体车次与票价请查 12306 或航司
R1433,郑州,西塘,高铁(估),—,,,312,416,727,未核实,40,35,30,417,,12306,—,low,0,,,按直线距离 1039 公里估算，非实录班次；具体车次与票价请查 12306 或航司
R1434,郑州,千岛湖,高铁(估),—,,,299,398,697,未核实,40,35,30,404,,12306,—,low,0,,,按直线距离 995 公里估算，非实录班次；具体车次与票价请查 12306 或航司
R1435,郑州,无锡,高铁(估),—,,,281,374,655,未核实,40,35,30,386,,12306,—,low,0,,,按直线距离 936 公里估算，非实录班次；具体车次与票价请查 12306 或航司
R1436,郑州,扬州,高铁(估),—,,,233,310,543,未核实,40,35,30,338,,12306,—,low,0,,,按直线距离 775 公里估算，非实录班次；具体车次与票价请查 12306 或航司
R1437,郑州,舟山嵊泗,飞机(估),—,,,225,732,1343,未核实,80,70,110,485,,航司官网,—,low,0,,,按直线距离 1221 公里估算，非实录班次；具体车次与票价请查 12306 或航司
R1438,郑州,长沙,高铁(估),—,,,284,378,662,未核实,40,35,30,389,,12306,—,low,0,,,按直线距离 946 公里估算，非实录班次；具体车次与票价请查 12306 或航司
R1439,郑州,张家界武陵源,高铁(估),—,,,262,350,612,未核实,40,35,30,367,,12306,—,low,0,,,按直线距离 875 公里估算，非实录班次；具体车次与票价请查 12306 或航司
R1440,郑州,凤凰古城,高铁(估),—,,,330,440,771,未核实,40,35,30,435,,12306,—,low,0,,,按直线距离 1101 公里估算，非实录班次；具体车次与票价请查 12306 或航司
R1441,郑州,南岳衡山,高铁(估),—,,,327,435,762,未核实,40,35,30,432,,12306,—,low,0,,,按直线距离 1089 公里估算，非实录班次；具体车次与票价请查 12306 或航司
R1442,郑州,郴州小东江,飞机(估),—,,,231,777,1425,未核实,80,70,110,491,,航司官网,—,low,0,,,按直线距离 1295 公里估算，非实录班次；具体车次与票价请查 12306 或航司
R1443,郑州,郴州高椅岭,飞机(估),—,,,230,772,1416,未核实,80,70,110,490,,航司官网,—,low,0,,,按直线距离 1287 公里估算，非实录班次；具体车次与票价请查 12306 或航司
R1444,郑州,乌鲁木齐,飞机(估),—,,,392,1905,3492,未核实,80,70,110,652,,航司官网,—,low,0,,,按直线距离 3175 公里估算，非实录班次；具体车次与票价请查 12306 或航司
R1445,郑州,伊犁河谷,飞机(估),—,,,447,2291,4200,未核实,80,70,110,707,,航司官网,—,low,0,,,按直线距离 3818 公里估算，非实录班次；具体车次与票价请查 12306 或航司
R1446,郑州,喀纳斯禾木,飞机(估),—,,,418,2088,3829,未核实,80,70,110,678,,航司官网,—,low,0,,,按直线距离 3481 公里估算，非实录班次；具体车次与票价请查 12306 或航司
R1447,郑州,吐鲁番,飞机(估),—,,,376,1789,3280,未核实,80,70,110,636,,航司官网,—,low,0,,,按直线距离 2982 公里估算，非实录班次；具体车次与票价请查 12306 或航司
R1448,郑州,喀什,飞机(估),—,,,494,2616,4796,未核实,80,70,110,754,,航司官网,—,low,0,,,按直线距离 4360 公里估算，非实录班次；具体车次与票价请查 12306 或航司
R1449,郑州,独库公路,飞机(估),—,,,417,2080,3814,未核实,80,70,110,677,,航司官网,—,low,0,,,按直线距离 3467 公里估算，非实录班次；具体车次与票价请查 12306 或航司
R1450,郑州,巴音布鲁克,飞机(估),—,,,420,2100,3850,未核实,80,70,110,680,,航司官网,—,low,0,,,按直线距离 3500 公里估算，非实录班次；具体车次与票价请查 12306 或航司
R1451,郑州,稻城亚丁,飞机(估),—,,,277,1097,2011,未核实,80,70,110,537,,航司官网,—,low,0,,,按直线距离 1828 公里估算，非实录班次；具体车次与票价请查 12306 或航司
R1452,郑州,四姑娘山,飞机(估),—,,,240,843,1545,未核实,80,70,110,500,,航司官网,—,low,0,,,按直线距离 1404 公里估算，非实录班次；具体车次与票价请查 12306 或航司
R1453,郑州,色达,飞机(估),—,,,261,984,1805,未核实,80,70,110,521,,航司官网,—,low,0,,,按直线距离 1640 公里估算，非实录班次；具体车次与票价请查 12306 或航司
R1454,郑州,新都桥,飞机(估),—,,,260,977,1792,未核实,80,70,110,520,,航司官网,—,low,0,,,按直线距离 1629 公里估算，非实录班次；具体车次与票价请查 12306 或航司
R1455,郑州,丹巴甲居藏寨,飞机(估),—,,,251,919,1684,未核实,80,70,110,511,,航司官网,—,low,0,,,按直线距离 1531 公里估算，非实录班次；具体车次与票价请查 12306 或航司
R1456,郑州,海螺沟,飞机(估),—,,,256,955,1751,未核实,80,70,110,516,,航司官网,—,low,0,,,按直线距离 1591 公里估算，非实录班次；具体车次与票价请查 12306 或航司
R1457,郑州,若尔盖花湖,飞机(估),—,,,231,780,1429,未核实,80,70,110,491,,航司官网,—,low,0,,,按直线距离 1299 公里估算，非实录班次；具体车次与票价请查 12306 或航司
R1458,郑州,北京,高铁(估),—,,,243,324,568,未核实,40,35,30,348,,12306,—,low,0,,,按直线距离 811 公里估算，非实录班次；具体车次与票价请查 12306 或航司
R1459,郑州,承德避暑山庄,高铁(估),—,,,308,410,718,未核实,40,35,30,413,,12306,—,low,0,,,按直线距离 1025 公里估算，非实录班次；具体车次与票价请查 12306 或航司
R1460,郑州,北戴河,高铁(估),—,,,299,398,697,未核实,40,35,30,404,,12306,—,low,0,,,按直线距离 996 公里估算，非实录班次；具体车次与票价请查 12306 或航司
R1461,郑州,古北水镇司马台,高铁(估),—,,,284,378,662,未核实,40,35,30,389,,12306,—,low,0,,,按直线距离 945 公里估算，非实录班次；具体车次与票价请查 12306 或航司
R1462,郑州,邯郸,高铁(估),—,,,88,117,204,未核实,40,35,30,193,,12306,—,low,0,,,按直线距离 292 公里估算，非实录班次；具体车次与票价请查 12306 或航司
R1463,郑州,安阳殷墟,高铁(估),—,,,65,86,151,未核实,40,35,30,170,,12306,—,low,0,,,按直线距离 216 公里估算，非实录班次；具体车次与票价请查 12306 或航司
R1464,郑州,林州太行大峡谷,高铁(估),—,,,57,75,132,未核实,40,35,30,162,,12306,—,low,0,,,按直线距离 189 公里估算，非实录班次；具体车次与票价请查 12306 或航司
R1465,郑州,正定古城,高铁(估),—,,,151,201,353,未核实,40,35,30,256,,12306,—,low,0,,,按直线距离 504 公里估算，非实录班次；具体车次与票价请查 12306 或航司
R1466,郑州,平遥古城,高铁(估),—,,,141,188,330,未核实,40,35,30,246,,12306,—,low,0,,,按直线距离 471 公里估算，非实录班次；具体车次与票价请查 12306 或航司
R1467,郑州,大同云冈,高铁(估),—,,,231,309,540,未核实,40,35,30,336,,12306,—,low,0,,,按直线距离 771 公里估算，非实录班次；具体车次与票价请查 12306 或航司
R1468,郑州,洛阳,高铁(估),—,,,42,56,98,未核实,40,35,30,147,,12306,—,low,0,,,按直线距离 140 公里估算，非实录班次；具体车次与票价请查 12306 或航司
R1469,郑州,开封,高铁(估),—,,,24,33,57,未核实,40,35,30,129,,12306,—,low,0,,,按直线距离 81 公里估算，非实录班次；具体车次与票价请查 12306 或航司
R1470,郑州,青岛,高铁(估),—,,,246,327,573,未核实,40,35,30,351,,12306,—,low,0,,,按直线距离 818 公里估算，非实录班次；具体车次与票价请查 12306 或航司
R1471,郑州,泰山,高铁(估),—,,,139,185,324,未核实,40,35,30,244,,12306,—,low,0,,,按直线距离 463 公里估算，非实录班次；具体车次与票价请查 12306 或航司
R1472,郑州,厦门,飞机(估),—,,,256,952,1745,未核实,80,70,110,516,,航司官网,—,low,0,,,按直线距离 1586 公里估算，非实录班次；具体车次与票价请查 12306 或航司
R1473,郑州,泉州,飞机(估),—,,,254,936,1717,未核实,80,70,110,514,,航司官网,—,low,0,,,按直线距离 1561 公里估算，非实录班次；具体车次与票价请查 12306 或航司
R1474,郑州,大理,飞机(估),—,,,302,1275,2338,未核实,80,70,110,562,,航司官网,—,low,0,,,按直线距离 2125 公里估算，非实录班次；具体车次与票价请查 12306 或航司
R1475,郑州,丽江香格里拉,飞机(估),—,,,292,1207,2214,未核实,80,70,110,552,,航司官网,—,low,0,,,按直线距离 2012 公里估算，非实录班次；具体车次与票价请查 12306 或航司
R1476,郑州,贵州黄果树荔波,飞机(估),—,,,258,964,1767,未核实,80,70,110,518,,航司官网,—,low,0,,,按直线距离 1607 公里估算，非实录班次；具体车次与票价请查 12306 或航司
R1477,郑州,桂林阳朔,飞机(估),—,,,243,859,1574,未核实,80,70,110,503,,航司官网,—,low,0,,,按直线距离 1431 公里估算，非实录班次；具体车次与票价请查 12306 或航司
R1478,郑州,敦煌,飞机(估),—,,,318,1384,2537,未核实,80,70,110,578,,航司官网,—,low,0,,,按直线距离 2306 公里估算，非实录班次；具体车次与票价请查 12306 或航司
R1479,郑州,青海湖茶卡,飞机(估),—,,,258,965,1769,未核实,80,70,110,518,,航司官网,—,low,0,,,按直线距离 1608 公里估算，非实录班次；具体车次与票价请查 12306 或航司
R1480,郑州,张掖七彩丹霞,飞机(估),—,,,260,983,1802,未核实,80,70,110,520,,航司官网,—,low,0,,,按直线距离 1638 公里估算，非实录班次；具体车次与票价请查 12306 或航司
R1481,郑州,拉萨,飞机(估),—,,,363,1702,3120,未核实,80,70,110,623,,航司官网,—,low,0,,,按直线距离 2837 公里估算，非实录班次；具体车次与票价请查 12306 或航司
R1482,郑州,哈尔滨,飞机(估),—,,,303,1281,2348,未核实,80,70,110,563,,航司官网,—,low,0,,,按直线距离 2135 公里估算，非实录班次；具体车次与票价请查 12306 或航司
R1483,郑州,呼伦贝尔,飞机(估),—,,,308,1314,2410,未核实,80,70,110,568,,航司官网,—,low,0,,,按直线距离 2191 公里估算，非实录班次；具体车次与票价请查 12306 或航司
R1484,郑州,三亚,飞机(估),—,,,329,1465,2686,未核实,80,70,110,589,,航司官网,—,low,0,,,按直线距离 2442 公里估算，非实录班次；具体车次与票价请查 12306 或航司
R1485,郑州,广州,飞机(估),—,,,264,1008,1848,未核实,80,70,110,524,,航司官网,—,low,0,,,按直线距离 1680 公里估算，非实录班次；具体车次与票价请查 12306 或航司
R1486,郑州,潮汕,飞机(估),—,,,265,1015,1860,未核实,80,70,110,525,,航司官网,—,low,0,,,按直线距离 1691 公里估算，非实录班次；具体车次与票价请查 12306 或航司
R1487,郑州,武夷山,高铁(估),—,,,344,459,804,未核实,40,35,30,449,,12306,—,low,0,,,按直线距离 1148 公里估算，非实录班次；具体车次与票价请查 12306 或航司
R1488,郑州,天津,高铁(估),—,,,225,300,526,未核实,40,35,30,330,,12306,—,low,0,,,按直线距离 751 公里估算，非实录班次；具体车次与票价请查 12306 或航司
R1489,郑州,太原,高铁(估),—,,,141,187,328,未核实,40,35,30,246,,12306,—,low,0,,,按直线距离 469 公里估算，非实录班次；具体车次与票价请查 12306 或航司
R1490,郑州,武汉,高铁(估),—,,,182,242,424,未核实,40,35,30,287,,12306,—,low,0,,,按直线距离 606 公里估算，非实录班次；具体车次与票价请查 12306 或航司
R1491,郑州,济南,高铁(估),—,,,148,198,346,未核实,40,35,30,253,,12306,—,low,0,,,按直线距离 494 公里估算，非实录班次；具体车次与票价请查 12306 或航司
R1492,郑州,深圳,飞机(估),—,,,271,1059,1941,未核实,80,70,110,531,,航司官网,—,low,0,,,按直线距离 1765 公里估算，非实录班次；具体车次与票价请查 12306 或航司
R1493,郑州,福州,飞机(估),—,,,243,863,1582,未核实,80,70,110,503,,航司官网,—,low,0,,,按直线距离 1438 公里估算，非实录班次；具体车次与票价请查 12306 或航司
R1494,郑州,黄山,高铁(估),—,,,260,347,607,未核实,40,35,30,365,,12306,—,low,0,,,按直线距离 867 公里估算，非实录班次；具体车次与票价请查 12306 或航司
R1495,郑州,乐山,飞机(估),—,,,242,852,1562,未核实,80,70,110,502,,航司官网,—,low,0,,,按直线距离 1420 公里估算，非实录班次；具体车次与票价请查 12306 或航司
R1496,郑州,石家庄,高铁(估),—,,,146,195,341,未核实,40,35,30,251,,12306,—,low,0,,,按直线距离 488 公里估算，非实录班次；具体车次与票价请查 12306 或航司
R1497,郑州,桐庐,高铁(估),—,,,309,412,721,未核实,40,35,30,414,,12306,—,low,0,,,按直线距离 1030 公里估算，非实录班次；具体车次与票价请查 12306 或航司
R1498,郑州,德清,高铁(估),—,,,298,397,696,未核实,40,35,30,403,,12306,—,low,0,,,按直线距离 994 公里估算，非实录班次；具体车次与票价请查 12306 或航司
R1499,郑州,南昌,高铁(估),—,,,276,367,643,未核实,40,35,30,381,,12306,—,low,0,,,按直线距离 919 公里估算，非实录班次；具体车次与票价请查 12306 或航司
R1500,郑州,婺源,高铁(估),—,,,285,380,664,未核实,40,35,30,390,,12306,—,low,0,,,按直线距离 949 公里估算，非实录班次；具体车次与票价请查 12306 或航司
R1501,郑州,庐山,高铁(估),—,,,241,322,563,未核实,40,35,30,346,,12306,—,low,0,,,按直线距离 804 公里估算，非实录班次；具体车次与票价请查 12306 或航司
R1502,郑州,景德镇,高铁(估),—,,,271,361,632,未核实,40,35,30,376,,12306,—,low,0,,,按直线距离 903 公里估算，非实录班次；具体车次与票价请查 12306 或航司
R1503,郑州,三清山,高铁(估),—,,,301,402,703,未核实,40,35,30,406,,12306,—,low,0,,,按直线距离 1004 公里估算，非实录班次；具体车次与票价请查 12306 或航司
R1504,郑州,定州,高铁(估),—,,,170,227,397,未核实,40,35,30,275,,12306,—,low,0,,,按直线距离 567 公里估算，非实录班次；具体车次与票价请查 12306 或航司
R1505,郑州,乐山大佛,飞机(估),—,,,242,852,1562,未核实,80,70,110,502,,航司官网,—,low,0,,,按直线距离 1420 公里估算，非实录班次；具体车次与票价请查 12306 或航司
R1506,郑州,峨眉山,飞机(估),—,,,246,880,1614,未核实,80,70,110,506,,航司官网,—,low,0,,,按直线距离 1467 公里估算，非实录班次；具体车次与票价请查 12306 或航司
R1507,郑州,宏村西递,高铁(估),—,,,264,352,615,未核实,40,35,30,369,,12306,—,low,0,,,按直线距离 879 公里估算，非实录班次；具体车次与票价请查 12306 或航司
R1508,郑州,曲阜三孔,高铁(估),—,,,125,166,291,未核实,40,35,30,230,,12306,—,low,0,,,按直线距离 416 公里估算，非实录班次；具体车次与票价请查 12306 或航司
R1509,郑州,五台山,高铁(估),—,,,185,246,431,未核实,40,35,30,290,,12306,—,low,0,,,按直线距离 616 公里估算，非实录班次；具体车次与票价请查 12306 或航司
R1510,郑州,武当山,高铁(估),—,,,139,185,324,未核实,40,35,30,244,,12306,—,low,0,,,按直线距离 463 公里估算，非实录班次；具体车次与票价请查 12306 或航司
R1511,郑州,恩施大峡谷,高铁(估),—,,,237,316,553,未核实,40,35,30,342,,12306,—,low,0,,,按直线距离 790 公里估算，非实录班次；具体车次与票价请查 12306 或航司
R1512,郑州,长白山,飞机(估),—,,,286,1163,2132,未核实,80,70,110,546,,航司官网,—,low,0,,,按直线距离 1939 公里估算，非实录班次；具体车次与票价请查 12306 或航司
R1513,郑州,大连,高铁(估),—,,,331,441,772,未核实,40,35,30,436,,12306,—,low,0,,,按直线距离 1103 公里估算，非实录班次；具体车次与票价请查 12306 或航司
R1514,郑州,银川沙坡头,高铁(估),—,,,324,432,757,未核实,40,35,30,429,,12306,—,low,0,,,按直线距离 1081 公里估算，非实录班次；具体车次与票价请查 12306 或航司
R1515,郑州,西双版纳,飞机(估),—,,,330,1473,2701,未核实,80,70,110,590,,航司官网,—,low,0,,,按直线距离 2456 公里估算，非实录班次；具体车次与票价请查 12306 或航司
R1516,郑州,泸沽湖,飞机(估),—,,,281,1130,2071,未核实,80,70,110,541,,航司官网,—,low,0,,,按直线距离 1883 公里估算，非实录班次；具体车次与票价请查 12306 或航司
R1517,郑州,元阳梯田,飞机(估),—,,,306,1303,2388,未核实,80,70,110,566,,航司官网,—,low,0,,,按直线距离 2171 公里估算，非实录班次；具体车次与票价请查 12306 或航司
R1518,郑州,北海涠洲岛,飞机(估),—,,,297,1238,2269,未核实,80,70,110,557,,航司官网,—,low,0,,,按直线距离 2063 公里估算，非实录班次；具体车次与票价请查 12306 或航司
R1519,郑州,德天瀑布,飞机(估),—,,,285,1156,2120,未核实,80,70,110,545,,航司官网,—,low,0,,,按直线距离 1927 公里估算，非实录班次；具体车次与票价请查 12306 或航司
R1520,郑州,普陀山,飞机(估),—,,,229,762,1396,未核实,80,70,110,489,,航司官网,—,low,0,,,按直线距离 1269 公里估算，非实录班次；具体车次与票价请查 12306 或航司
R1521,郑州,云台山,高铁(估),—,,,29,39,68,未核实,40,35,30,134,,12306,—,low,0,,,按直线距离 97 公里估算，非实录班次；具体车次与票价请查 12306 或航司
R1522,郑州,井冈山,高铁(估),—,,,355,474,829,未核实,40,35,30,460,,12306,—,low,0,,,按直线距离 1184 公里估算，非实录班次；具体车次与票价请查 12306 或航司
